promo_name,store_id
LAYS_BOGO_SUPER_BOWL_2024,STR_E01
LAYS_BOGO_SUPER_BOWL_2024,STR_E02
LAYS_BOGO_SUPER_BOWL_2024,STR_E03
LAYS_BOGO_SUPER_BOWL_2024,STR_E04
LAYS_BOGO_SUPER_BOWL_2024,STR_E05
LAYS_BOGO_SUPER_BOWL_2024,STR_W01
LAYS_BOGO_SUPER_BOWL_2024,STR_W02
LAYS_BOGO_SUPER_BOWL_2024,STR_W03
LAYS_BOGO_SUPER_BOWL_2024,STR_W04
LAYS_BOGO_SUPER_BOWL_2024,STR_W05
LAYS_BOGO_EASTER_2024,STR_E01
LAYS_BOGO_EASTER_2024,STR_E02
LAYS_BOGO_EASTER_2024,STR_E03
LAYS_BOGO_EASTER_2024,STR_E04
LAYS_BOGO_EASTER_2024,STR_E05
LAYS_BOGO_EASTER_2024,STR_W01
LAYS_BOGO_EASTER_2024,STR_W02
LAYS_BOGO_EASTER_2024,STR_W03
LAYS_BOGO_EASTER_2024,STR_W04
LAYS_BOGO_EASTER_2024,STR_W05
LAYS_BOGO_MEMORIAL_DAY_2024,STR_E01
LAYS_BOGO_MEMORIAL_DAY_2024,STR_E02
LAYS_BOGO_MEMORIAL_DAY_2024,STR_E03
LAYS_BOGO_MEMORIAL_DAY_2024,STR_E04
LAYS_BOGO_MEMORIAL_DAY_2024,STR_E05
LAYS_BOGO_MEMORIAL_DAY_2024,STR_W01
LAYS_BOGO_MEMORIAL_DAY_2024,STR_W02
LAYS_BOGO_MEMORIAL_DAY_2024,STR_W03
LAYS_BOGO_MEMORIAL_DAY_2024,STR_W04
LAYS_BOGO_MEMORIAL_DAY_2024,STR_W05
LAYS_BOGO_JULY4_2024,STR_E01
LAYS_BOGO_JULY4_2024,STR_E02
LAYS_BOGO_JULY4_2024,STR_E03
LAYS_BOGO_JULY4_2024,STR_E04
LAYS_BOGO_JULY4_2024,STR_E05
LAYS_BOGO_JULY4_2024,STR_W01
LAYS_BOGO_JULY4_2024,STR_W02
LAYS_BOGO_JULY4_2024,STR_W03
LAYS_BOGO_JULY4_2024,STR_W04
LAYS_BOGO_JULY4_2024,STR_W05
LAYS_BOGO_BACK_TO_SCHOOL_2024,STR_E01
LAYS_BOGO_BACK_TO_SCHOOL_2024,STR_E02
LAYS_BOGO_BACK_TO_SCHOOL_2024,STR_E03
LAYS_BOGO_BACK_TO_SCHOOL_2024,STR_E04
LAYS_BOGO_BACK_TO_SCHOOL_2024,STR_E05
LAYS_BOGO_BACK_TO_SCHOOL_2024,STR_W01
LAYS_BOGO_BACK_TO_SCHOOL_2024,STR_W02
LAYS_BOGO_BACK_TO_SCHOOL_2024,STR_W03
LAYS_BOGO_BACK_TO_SCHOOL_2024,STR_W04
LAYS_BOGO_BACK_TO_SCHOOL_2024,STR_W05
LAYS_BOGO_LABOR_DAY_2024,STR_E01
LAYS_BOGO_LABOR_DAY_2024,STR_E02
LAYS_BOGO_LABOR_DAY_2024,STR_E03
LAYS_BOGO_LABOR_DAY_2024,STR_E04
LAYS_BOGO_LABOR_DAY_2024,STR_E05
LAYS_BOGO_LABOR_DAY_2024,STR_W01
LAYS_BOGO_LABOR_DAY_2024,STR_W02
LAYS_BOGO_LABOR_DAY_2024,STR_W03
LAYS_BOGO_LABOR_DAY_2024,STR_W04
LAYS_BOGO_LABOR_DAY_2024,STR_W05
LAYS_BOGO_THANKSGIVING_2024,STR_E01
LAYS_BOGO_THANKSGIVING_2024,STR_E02
LAYS_BOGO_THANKSGIVING_2024,STR_E03
LAYS_BOGO_THANKSGIVING_2024,STR_E04
LAYS_BOGO_THANKSGIVING_2024,STR_E05
LAYS_BOGO_THANKSGIVING_2024,STR_W01
LAYS_BOGO_THANKSGIVING_2024,STR_W02
LAYS_BOGO_THANKSGIVING_2024,STR_W03
LAYS_BOGO_THANKSGIVING_2024,STR_W04
LAYS_BOGO_THANKSGIVING_2024,STR_W05
LAYS_BOGO_CHRISTMAS_2024,STR_E01
LAYS_BOGO_CHRISTMAS_2024,STR_E02
LAYS_BOGO_CHRISTMAS_2024,STR_E03
LAYS_BOGO_CHRISTMAS_2024,STR_E04
LAYS_BOGO_CHRISTMAS_2024,STR_E05
LAYS_BOGO_CHRISTMAS_2024,STR_W01
LAYS_BOGO_CHRISTMAS_2024,STR_W02
LAYS_BOGO_CHRISTMAS_2024,STR_W03
LAYS_BOGO_CHRISTMAS_2024,STR_W04
LAYS_BOGO_CHRISTMAS_2024,STR_W05
WISE_2FOR5_SUPER_BOWL_2024,STR_E01
WISE_2FOR5_SUPER_BOWL_2024,STR_E02
WISE_2FOR5_SUPER_BOWL_2024,STR_E03
WISE_2FOR5_SUPER_BOWL_2024,STR_E04
WISE_2FOR5_SUPER_BOWL_2024,STR_E05
WISE_2FOR5_SUPER_BOWL_2024,STR_W01
WISE_2FOR5_SUPER_BOWL_2024,STR_W02
WISE_2FOR5_SUPER_BOWL_2024,STR_W03
WISE_2FOR5_SUPER_BOWL_2024,STR_W04
WISE_2FOR5_SUPER_BOWL_2024,STR_W05
WISE_2FOR5_MEMORIAL_DAY_2024,STR_E01
WISE_2FOR5_MEMORIAL_DAY_2024,STR_E02
WISE_2FOR5_MEMORIAL_DAY_2024,STR_E03
WISE_2FOR5_MEMORIAL_DAY_2024,STR_E04
WISE_2FOR5_MEMORIAL_DAY_2024,STR_E05
WISE_2FOR5_MEMORIAL_DAY_2024,STR_W01
WISE_2FOR5_MEMORIAL_DAY_2024,STR_W02
WISE_2FOR5_MEMORIAL_DAY_2024,STR_W03
WISE_2FOR5_MEMORIAL_DAY_2024,STR_W04
WISE_2FOR5_MEMORIAL_DAY_2024,STR_W05
WISE_2FOR5_JULY4_2024,STR_E01
WISE_2FOR5_JULY4_2024,STR_E02
WISE_2FOR5_JULY4_2024,STR_E03
WISE_2FOR5_JULY4_2024,STR_E04
WISE_2FOR5_JULY4_2024,STR_E05
WISE_2FOR5_JULY4_2024,STR_W01
WISE_2FOR5_JULY4_2024,STR_W02
WISE_2FOR5_JULY4_2024,STR_W03
WISE_2FOR5_JULY4_2024,STR_W04
WISE_2FOR5_JULY4_2024,STR_W05
WISE_2FOR5_LABOR_DAY_2024,STR_E01
WISE_2FOR5_LABOR_DAY_2024,STR_E02
WISE_2FOR5_LABOR_DAY_2024,STR_E03
WISE_2FOR5_LABOR_DAY_2024,STR_E04
WISE_2FOR5_LABOR_DAY_2024,STR_E05
WISE_2FOR5_LABOR_DAY_2024,STR_W01
WISE_2FOR5_LABOR_DAY_2024,STR_W02
WISE_2FOR5_LABOR_DAY_2024,STR_W03
WISE_2FOR5_LABOR_DAY_2024,STR_W04
WISE_2FOR5_LABOR_DAY_2024,STR_W05
WISE_2FOR5_THANKSGIVING_2024,STR_E01
WISE_2FOR5_THANKSGIVING_2024,STR_E02
WISE_2FOR5_THANKSGIVING_2024,STR_E03
WISE_2FOR5_THANKSGIVING_2024,STR_E04
WISE_2FOR5_THANKSGIVING_2024,STR_E05
WISE_2FOR5_THANKSGIVING_2024,STR_W01
WISE_2FOR5_THANKSGIVING_2024,STR_W02
WISE_2FOR5_THANKSGIVING_2024,STR_W03
WISE_2FOR5_THANKSGIVING_2024,STR_W04
WISE_2FOR5_THANKSGIVING_2024,STR_W05
WISE_2FOR5_CHRISTMAS_2024,STR_E01
WISE_2FOR5_CHRISTMAS_2024,STR_E02
WISE_2FOR5_CHRISTMAS_2024,STR_E03
WISE_2FOR5_CHRISTMAS_2024,STR_E04
WISE_2FOR5_CHRISTMAS_2024,STR_E05
WISE_2FOR5_CHRISTMAS_2024,STR_W01
WISE_2FOR5_CHRISTMAS_2024,STR_W02
WISE_2FOR5_CHRISTMAS_2024,STR_W03
WISE_2FOR5_CHRISTMAS_2024,STR_W04
WISE_2FOR5_CHRISTMAS_2024,STR_W05
HERRS_2FOR5_SUPER_BOWL_2024,STR_E01
HERRS_2FOR5_SUPER_BOWL_2024,STR_E02
HERRS_2FOR5_SUPER_BOWL_2024,STR_E03
HERRS_2FOR5_SUPER_BOWL_2024,STR_E04
HERRS_2FOR5_SUPER_BOWL_2024,STR_E05
HERRS_2FOR5_SUPER_BOWL_2024,STR_W01
HERRS_2FOR5_SUPER_BOWL_2024,STR_W02
HERRS_2FOR5_SUPER_BOWL_2024,STR_W03
HERRS_2FOR5_SUPER_BOWL_2024,STR_W04
HERRS_2FOR5_SUPER_BOWL_2024,STR_W05
HERRS_2FOR5_MEMORIAL_DAY_2024,STR_E01
HERRS_2FOR5_MEMORIAL_DAY_2024,STR_E02
HERRS_2FOR5_MEMORIAL_DAY_2024,STR_E03
HERRS_2FOR5_MEMORIAL_DAY_2024,STR_E04
HERRS_2FOR5_MEMORIAL_DAY_2024,STR_E05
HERRS_2FOR5_MEMORIAL_DAY_2024,STR_W01
HERRS_2FOR5_MEMORIAL_DAY_2024,STR_W02
HERRS_2FOR5_MEMORIAL_DAY_2024,STR_W03
HERRS_2FOR5_MEMORIAL_DAY_2024,STR_W04
HERRS_2FOR5_MEMORIAL_DAY_2024,STR_W05
HERRS_2FOR5_JULY4_2024,STR_E01
HERRS_2FOR5_JULY4_2024,STR_E02
HERRS_2FOR5_JULY4_2024,STR_E03
HERRS_2FOR5_JULY4_2024,STR_E04
HERRS_2FOR5_JULY4_2024,STR_E05
HERRS_2FOR5_JULY4_2024,STR_W01
HERRS_2FOR5_JULY4_2024,STR_W02
HERRS_2FOR5_JULY4_2024,STR_W03
HERRS_2FOR5_JULY4_2024,STR_W04
HERRS_2FOR5_JULY4_2024,STR_W05
HERRS_2FOR5_LABOR_DAY_2024,STR_E01
HERRS_2FOR5_LABOR_DAY_2024,STR_E02
HERRS_2FOR5_LABOR_DAY_2024,STR_E03
HERRS_2FOR5_LABOR_DAY_2024,STR_E04
HERRS_2FOR5_LABOR_DAY_2024,STR_E05
HERRS_2FOR5_LABOR_DAY_2024,STR_W01
HERRS_2FOR5_LABOR_DAY_2024,STR_W02
HERRS_2FOR5_LABOR_DAY_2024,STR_W03
HERRS_2FOR5_LABOR_DAY_2024,STR_W04
HERRS_2FOR5_LABOR_DAY_2024,STR_W05
HERRS_2FOR5_THANKSGIVING_2024,STR_E01
HERRS_2FOR5_THANKSGIVING_2024,STR_E02
HERRS_2FOR5_THANKSGIVING_2024,STR_E03
HERRS_2FOR5_THANKSGIVING_2024,STR_E04
HERRS_2FOR5_THANKSGIVING_2024,STR_E05
HERRS_2FOR5_THANKSGIVING_2024,STR_W01
HERRS_2FOR5_THANKSGIVING_2024,STR_W02
HERRS_2FOR5_THANKSGIVING_2024,STR_W03
HERRS_2FOR5_THANKSGIVING_2024,STR_W04
HERRS_2FOR5_THANKSGIVING_2024,STR_W05
HERRS_2FOR5_CHRISTMAS_2024,STR_E01
HERRS_2FOR5_CHRISTMAS_2024,STR_E02
HERRS_2FOR5_CHRISTMAS_2024,STR_E03
HERRS_2FOR5_CHRISTMAS_2024,STR_E04
HERRS_2FOR5_CHRISTMAS_2024,STR_E05
HERRS_2FOR5_CHRISTMAS_2024,STR_W01
HERRS_2FOR5_CHRISTMAS_2024,STR_W02
HERRS_2FOR5_CHRISTMAS_2024,STR_W03
HERRS_2FOR5_CHRISTMAS_2024,STR_W04
HERRS_2FOR5_CHRISTMAS_2024,STR_W05
TOSTITOS_BOGO_SUPER_BOWL_2024,STR_E01
TOSTITOS_BOGO_SUPER_BOWL_2024,STR_E02
TOSTITOS_BOGO_SUPER_BOWL_2024,STR_E03
TOSTITOS_BOGO_SUPER_BOWL_2024,STR_E04
TOSTITOS_BOGO_SUPER_BOWL_2024,STR_E05
TOSTITOS_BOGO_SUPER_BOWL_2024,STR_W01
TOSTITOS_BOGO_SUPER_BOWL_2024,STR_W02
TOSTITOS_BOGO_SUPER_BOWL_2024,STR_W03
TOSTITOS_BOGO_SUPER_BOWL_2024,STR_W04
TOSTITOS_BOGO_SUPER_BOWL_2024,STR_W05
TOSTITOS_BOGO_EASTER_2024,STR_E01
TOSTITOS_BOGO_EASTER_2024,STR_E02
TOSTITOS_BOGO_EASTER_2024,STR_E03
TOSTITOS_BOGO_EASTER_2024,STR_E04
TOSTITOS_BOGO_EASTER_2024,STR_E05
TOSTITOS_BOGO_EASTER_2024,STR_W01
TOSTITOS_BOGO_EASTER_2024,STR_W02
TOSTITOS_BOGO_EASTER_2024,STR_W03
TOSTITOS_BOGO_EASTER_2024,STR_W04
TOSTITOS_BOGO_EASTER_2024,STR_W05
TOSTITOS_BOGO_MEMORIAL_DAY_2024,STR_E01
TOSTITOS_BOGO_MEMORIAL_DAY_2024,STR_E02
TOSTITOS_BOGO_MEMORIAL_DAY_2024,STR_E03
TOSTITOS_BOGO_MEMORIAL_DAY_2024,STR_E04
TOSTITOS_BOGO_MEMORIAL_DAY_2024,STR_E05
TOSTITOS_BOGO_MEMORIAL_DAY_2024,STR_W01
TOSTITOS_BOGO_MEMORIAL_DAY_2024,STR_W02
TOSTITOS_BOGO_MEMORIAL_DAY_2024,STR_W03
TOSTITOS_BOGO_MEMORIAL_DAY_2024,STR_W04
TOSTITOS_BOGO_MEMORIAL_DAY_2024,STR_W05
TOSTITOS_BOGO_JULY4_2024,STR_E01
TOSTITOS_BOGO_JULY4_2024,STR_E02
TOSTITOS_BOGO_JULY4_2024,STR_E03
TOSTITOS_BOGO_JULY4_2024,STR_E04
TOSTITOS_BOGO_JULY4_2024,STR_E05
TOSTITOS_BOGO_JULY4_2024,STR_W01
TOSTITOS_BOGO_JULY4_2024,STR_W02
TOSTITOS_BOGO_JULY4_2024,STR_W03
TOSTITOS_BOGO_JULY4_2024,STR_W04
TOSTITOS_BOGO_JULY4_2024,STR_W05
TOSTITOS_BOGO_BACK_TO_SCHOOL_2024,STR_E01
TOSTITOS_BOGO_BACK_TO_SCHOOL_2024,STR_E02
TOSTITOS_BOGO_BACK_TO_SCHOOL_2024,STR_E03
TOSTITOS_BOGO_BACK_TO_SCHOOL_2024,STR_E04
TOSTITOS_BOGO_BACK_TO_SCHOOL_2024,STR_E05
TOSTITOS_BOGO_BACK_TO_SCHOOL_2024,STR_W01
TOSTITOS_BOGO_BACK_TO_SCHOOL_2024,STR_W02
TOSTITOS_BOGO_BACK_TO_SCHOOL_2024,STR_W03
TOSTITOS_BOGO_BACK_TO_SCHOOL_2024,STR_W04
TOSTITOS_BOGO_BACK_TO_SCHOOL_2024,STR_W05
TOSTITOS_BOGO_LABOR_DAY_2024,STR_E01
TOSTITOS_BOGO_LABOR_DAY_2024,STR_E02
TOSTITOS_BOGO_LABOR_DAY_2024,STR_E03
TOSTITOS_BOGO_LABOR_DAY_2024,STR_E04
TOSTITOS_BOGO_LABOR_DAY_2024,STR_E05
TOSTITOS_BOGO_LABOR_DAY_2024,STR_W01
TOSTITOS_BOGO_LABOR_DAY_2024,STR_W02
TOSTITOS_BOGO_LABOR_DAY_2024,STR_W03
TOSTITOS_BOGO_LABOR_DAY_2024,STR_W04
TOSTITOS_BOGO_LABOR_DAY_2024,STR_W05
TOSTITOS_BOGO_THANKSGIVING_2024,STR_E01
TOSTITOS_BOGO_THANKSGIVING_2024,STR_E02
TOSTITOS_BOGO_THANKSGIVING_2024,STR_E03
TOSTITOS_BOGO_THANKSGIVING_2024,STR_E04
TOSTITOS_BOGO_THANKSGIVING_2024,STR_E05
TOSTITOS_BOGO_THANKSGIVING_2024,STR_W01
TOSTITOS_BOGO_THANKSGIVING_2024,STR_W02
TOSTITOS_BOGO_THANKSGIVING_2024,STR_W03
TOSTITOS_BOGO_THANKSGIVING_2024,STR_W04
TOSTITOS_BOGO_THANKSGIVING_2024,STR_W05
TOSTITOS_BOGO_CHRISTMAS_2024,STR_E01
TOSTITOS_BOGO_CHRISTMAS_2024,STR_E02
TOSTITOS_BOGO_CHRISTMAS_2024,STR_E03
TOSTITOS_BOGO_CHRISTMAS_2024,STR_E04
TOSTITOS_BOGO_CHRISTMAS_2024,STR_E05
TOSTITOS_BOGO_CHRISTMAS_2024,STR_W01
TOSTITOS_BOGO_CHRISTMAS_2024,STR_W02
TOSTITOS_BOGO_CHRISTMAS_2024,STR_W03
TOSTITOS_BOGO_CHRISTMAS_2024,STR_W04
TOSTITOS_BOGO_CHRISTMAS_2024,STR_W05
DORITOS_BOGO_SUPER_BOWL_2024,STR_E01
DORITOS_BOGO_SUPER_BOWL_2024,STR_E02
DORITOS_BOGO_SUPER_BOWL_2024,STR_E03
DORITOS_BOGO_SUPER_BOWL_2024,STR_E04
DORITOS_BOGO_SUPER_BOWL_2024,STR_E05
DORITOS_BOGO_SUPER_BOWL_2024,STR_W01
DORITOS_BOGO_SUPER_BOWL_2024,STR_W02
DORITOS_BOGO_SUPER_BOWL_2024,STR_W03
DORITOS_BOGO_SUPER_BOWL_2024,STR_W04
DORITOS_BOGO_SUPER_BOWL_2024,STR_W05
DORITOS_BOGO_CINCO_MAYO_2024,STR_E01
DORITOS_BOGO_CINCO_MAYO_2024,STR_E02
DORITOS_BOGO_CINCO_MAYO_2024,STR_E03
DORITOS_BOGO_CINCO_MAYO_2024,STR_E04
DORITOS_BOGO_CINCO_MAYO_2024,STR_E05
DORITOS_BOGO_CINCO_MAYO_2024,STR_W01
DORITOS_BOGO_CINCO_MAYO_2024,STR_W02
DORITOS_BOGO_CINCO_MAYO_2024,STR_W03
DORITOS_BOGO_CINCO_MAYO_2024,STR_W04
DORITOS_BOGO_CINCO_MAYO_2024,STR_W05
DORITOS_BOGO_MEMORIAL_DAY_2024,STR_E01
DORITOS_BOGO_MEMORIAL_DAY_2024,STR_E02
DORITOS_BOGO_MEMORIAL_DAY_2024,STR_E03
DORITOS_BOGO_MEMORIAL_DAY_2024,STR_E04
DORITOS_BOGO_MEMORIAL_DAY_2024,STR_E05
DORITOS_BOGO_MEMORIAL_DAY_2024,STR_W01
DORITOS_BOGO_MEMORIAL_DAY_2024,STR_W02
DORITOS_BOGO_MEMORIAL_DAY_2024,STR_W03
DORITOS_BOGO_MEMORIAL_DAY_2024,STR_W04
DORITOS_BOGO_MEMORIAL_DAY_2024,STR_W05
DORITOS_BOGO_JULY4_2024,STR_E01
DORITOS_BOGO_JULY4_2024,STR_E02
DORITOS_BOGO_JULY4_2024,STR_E03
DORITOS_BOGO_JULY4_2024,STR_E04
DORITOS_BOGO_JULY4_2024,STR_E05
DORITOS_BOGO_JULY4_2024,STR_W01
DORITOS_BOGO_JULY4_2024,STR_W02
DORITOS_BOGO_JULY4_2024,STR_W03
DORITOS_BOGO_JULY4_2024,STR_W04
DORITOS_BOGO_JULY4_2024,STR_W05
DORITOS_BOGO_BACK_TO_SCHOOL_2024,STR_E01
DORITOS_BOGO_BACK_TO_SCHOOL_2024,STR_E02
DORITOS_BOGO_BACK_TO_SCHOOL_2024,STR_E03
DORITOS_BOGO_BACK_TO_SCHOOL_2024,STR_E04
DORITOS_BOGO_BACK_TO_SCHOOL_2024,STR_E05
DORITOS_BOGO_BACK_TO_SCHOOL_2024,STR_W01
DORITOS_BOGO_BACK_TO_SCHOOL_2024,STR_W02
DORITOS_BOGO_BACK_TO_SCHOOL_2024,STR_W03
DORITOS_BOGO_BACK_TO_SCHOOL_2024,STR_W04
DORITOS_BOGO_BACK_TO_SCHOOL_2024,STR_W05
DORITOS_BOGO_LABOR_DAY_2024,STR_E01
DORITOS_BOGO_LABOR_DAY_2024,STR_E02
DORITOS_BOGO_LABOR_DAY_2024,STR_E03
DORITOS_BOGO_LABOR_DAY_2024,STR_E04
DORITOS_BOGO_LABOR_DAY_2024,STR_E05
DORITOS_BOGO_LABOR_DAY_2024,STR_W01
DORITOS_BOGO_LABOR_DAY_2024,STR_W02
DORITOS_BOGO_LABOR_DAY_2024,STR_W03
DORITOS_BOGO_LABOR_DAY_2024,STR_W04
DORITOS_BOGO_LABOR_DAY_2024,STR_W05
DORITOS_BOGO_THANKSGIVING_2024,STR_E01
DORITOS_BOGO_THANKSGIVING_2024,STR_E02
DORITOS_BOGO_THANKSGIVING_2024,STR_E03
DORITOS_BOGO_THANKSGIVING_2024,STR_E04
DORITOS_BOGO_THANKSGIVING_2024,STR_E05
DORITOS_BOGO_THANKSGIVING_2024,STR_W01
DORITOS_BOGO_THANKSGIVING_2024,STR_W02
DORITOS_BOGO_THANKSGIVING_2024,STR_W03
DORITOS_BOGO_THANKSGIVING_2024,STR_W04
DORITOS_BOGO_THANKSGIVING_2024,STR_W05
DORITOS_BOGO_CHRISTMAS_2024,STR_E01
DORITOS_BOGO_CHRISTMAS_2024,STR_E02
DORITOS_BOGO_CHRISTMAS_2024,STR_E03
DORITOS_BOGO_CHRISTMAS_2024,STR_E04
DORITOS_BOGO_CHRISTMAS_2024,STR_E05
DORITOS_BOGO_CHRISTMAS_2024,STR_W01
DORITOS_BOGO_CHRISTMAS_2024,STR_W02
DORITOS_BOGO_CHRISTMAS_2024,STR_W03
DORITOS_BOGO_CHRISTMAS_2024,STR_W04
DORITOS_BOGO_CHRISTMAS_2024,STR_W05
SNYDERS_299_SUPER_BOWL_2024,STR_E01
SNYDERS_299_SUPER_BOWL_2024,STR_E02
SNYDERS_299_SUPER_BOWL_2024,STR_E03
SNYDERS_299_SUPER_BOWL_2024,STR_E04
SNYDERS_299_SUPER_BOWL_2024,STR_E05
SNYDERS_299_SUPER_BOWL_2024,STR_W01
SNYDERS_299_SUPER_BOWL_2024,STR_W02
SNYDERS_299_SUPER_BOWL_2024,STR_W03
SNYDERS_299_SUPER_BOWL_2024,STR_W04
SNYDERS_299_SUPER_BOWL_2024,STR_W05
SNYDERS_299_EASTER_2024,STR_E01
SNYDERS_299_EASTER_2024,STR_E02
SNYDERS_299_EASTER_2024,STR_E03
SNYDERS_299_EASTER_2024,STR_E04
SNYDERS_299_EASTER_2024,STR_E05
SNYDERS_299_EASTER_2024,STR_W01
SNYDERS_299_EASTER_2024,STR_W02
SNYDERS_299_EASTER_2024,STR_W03
SNYDERS_299_EASTER_2024,STR_W04
SNYDERS_299_EASTER_2024,STR_W05
SNYDERS_299_MEMORIAL_DAY_2024,STR_E01
SNYDERS_299_MEMORIAL_DAY_2024,STR_E02
SNYDERS_299_MEMORIAL_DAY_2024,STR_E03
SNYDERS_299_MEMORIAL_DAY_2024,STR_E04
SNYDERS_299_MEMORIAL_DAY_2024,STR_E05
SNYDERS_299_MEMORIAL_DAY_2024,STR_W01
SNYDERS_299_MEMORIAL_DAY_2024,STR_W02
SNYDERS_299_MEMORIAL_DAY_2024,STR_W03
SNYDERS_299_MEMORIAL_DAY_2024,STR_W04
SNYDERS_299_MEMORIAL_DAY_2024,STR_W05
SNYDERS_299_JULY4_2024,STR_E01
SNYDERS_299_JULY4_2024,STR_E02
SNYDERS_299_JULY4_2024,STR_E03
SNYDERS_299_JULY4_2024,STR_E04
SNYDERS_299_JULY4_2024,STR_E05
SNYDERS_299_JULY4_2024,STR_W01
SNYDERS_299_JULY4_2024,STR_W02
SNYDERS_299_JULY4_2024,STR_W03
SNYDERS_299_JULY4_2024,STR_W04
SNYDERS_299_JULY4_2024,STR_W05
SNYDERS_299_BACK_TO_SCHOOL_2024,STR_E01
SNYDERS_299_BACK_TO_SCHOOL_2024,STR_E02
SNYDERS_299_BACK_TO_SCHOOL_2024,STR_E03
SNYDERS_299_BACK_TO_SCHOOL_2024,STR_E04
SNYDERS_299_BACK_TO_SCHOOL_2024,STR_E05
SNYDERS_299_BACK_TO_SCHOOL_2024,STR_W01
SNYDERS_299_BACK_TO_SCHOOL_2024,STR_W02
SNYDERS_299_BACK_TO_SCHOOL_2024,STR_W03
SNYDERS_299_BACK_TO_SCHOOL_2024,STR_W04
SNYDERS_299_BACK_TO_SCHOOL_2024,STR_W05
SNYDERS_299_LABOR_DAY_2024,STR_E01
SNYDERS_299_LABOR_DAY_2024,STR_E02
SNYDERS_299_LABOR_DAY_2024,STR_E03
SNYDERS_299_LABOR_DAY_2024,STR_E04
SNYDERS_299_LABOR_DAY_2024,STR_E05
SNYDERS_299_LABOR_DAY_2024,STR_W01
SNYDERS_299_LABOR_DAY_2024,STR_W02
SNYDERS_299_LABOR_DAY_2024,STR_W03
SNYDERS_299_LABOR_DAY_2024,STR_W04
SNYDERS_299_LABOR_DAY_2024,STR_W05
SNYDERS_299_THANKSGIVING_2024,STR_E01
SNYDERS_299_THANKSGIVING_2024,STR_E02
SNYDERS_299_THANKSGIVING_2024,STR_E03
SNYDERS_299_THANKSGIVING_2024,STR_E04
SNYDERS_299_THANKSGIVING_2024,STR_E05
SNYDERS_299_THANKSGIVING_2024,STR_W01
SNYDERS_299_THANKSGIVING_2024,STR_W02
SNYDERS_299_THANKSGIVING_2024,STR_W03
SNYDERS_299_THANKSGIVING_2024,STR_W04
SNYDERS_299_THANKSGIVING_2024,STR_W05
SNYDERS_299_CHRISTMAS_2024,STR_E01
SNYDERS_299_CHRISTMAS_2024,STR_E02
SNYDERS_299_CHRISTMAS_2024,STR_E03
SNYDERS_299_CHRISTMAS_2024,STR_E04
SNYDERS_299_CHRISTMAS_2024,STR_E05
SNYDERS_299_CHRISTMAS_2024,STR_W01
SNYDERS_299_CHRISTMAS_2024,STR_W02
SNYDERS_299_CHRISTMAS_2024,STR_W03
SNYDERS_299_CHRISTMAS_2024,STR_W04
SNYDERS_299_CHRISTMAS_2024,STR_W05
PL_149_SUPER_BOWL_2024,STR_E01
PL_149_SUPER_BOWL_2024,STR_E02
PL_149_SUPER_BOWL_2024,STR_E03
PL_149_SUPER_BOWL_2024,STR_E04
PL_149_SUPER_BOWL_2024,STR_E05
PL_149_SUPER_BOWL_2024,STR_W01
PL_149_SUPER_BOWL_2024,STR_W02
PL_149_SUPER_BOWL_2024,STR_W03
PL_149_SUPER_BOWL_2024,STR_W04
PL_149_SUPER_BOWL_2024,STR_W05
PL_149_MEMORIAL_DAY_2024,STR_E01
PL_149_MEMORIAL_DAY_2024,STR_E02
PL_149_MEMORIAL_DAY_2024,STR_E03
PL_149_MEMORIAL_DAY_2024,STR_E04
PL_149_MEMORIAL_DAY_2024,STR_E05
PL_149_MEMORIAL_DAY_2024,STR_W01
PL_149_MEMORIAL_DAY_2024,STR_W02
PL_149_MEMORIAL_DAY_2024,STR_W03
PL_149_MEMORIAL_DAY_2024,STR_W04
PL_149_MEMORIAL_DAY_2024,STR_W05
PL_149_JULY4_2024,STR_E01
PL_149_JULY4_2024,STR_E02
PL_149_JULY4_2024,STR_E03
PL_149_JULY4_2024,STR_E04
PL_149_JULY4_2024,STR_E05
PL_149_JULY4_2024,STR_W01
PL_149_JULY4_2024,STR_W02
PL_149_JULY4_2024,STR_W03
PL_149_JULY4_2024,STR_W04
PL_149_JULY4_2024,STR_W05
PL_149_LABOR_DAY_2024,STR_E01
PL_149_LABOR_DAY_2024,STR_E02
PL_149_LABOR_DAY_2024,STR_E03
PL_149_LABOR_DAY_2024,STR_E04
PL_149_LABOR_DAY_2024,STR_E05
PL_149_LABOR_DAY_2024,STR_W01
PL_149_LABOR_DAY_2024,STR_W02
PL_149_LABOR_DAY_2024,STR_W03
PL_149_LABOR_DAY_2024,STR_W04
PL_149_LABOR_DAY_2024,STR_W05
PL_149_THANKSGIVING_2024,STR_E01
PL_149_THANKSGIVING_2024,STR_E02
PL_149_THANKSGIVING_2024,STR_E03
PL_149_THANKSGIVING_2024,STR_E04
PL_149_THANKSGIVING_2024,STR_E05
PL_149_THANKSGIVING_2024,STR_W01
PL_149_THANKSGIVING_2024,STR_W02
PL_149_THANKSGIVING_2024,STR_W03
PL_149_THANKSGIVING_2024,STR_W04
PL_149_THANKSGIVING_2024,STR_W05
PL_149_CHRISTMAS_2024,STR_E01
PL_149_CHRISTMAS_2024,STR_E02
PL_149_CHRISTMAS_2024,STR_E03
PL_149_CHRISTMAS_2024,STR_E04
PL_149_CHRISTMAS_2024,STR_E05
PL_149_CHRISTMAS_2024,STR_W01
PL_149_CHRISTMAS_2024,STR_W02
PL_149_CHRISTMAS_2024,STR_W03
PL_149_CHRISTMAS_2024,STR_W04
PL_149_CHRISTMAS_2024,STR_W05
PEPSI_12PK_B2G2_SUPER_BOWL_2024,STR_E01
PEPSI_12PK_B2G2_SUPER_BOWL_2024,STR_E02
PEPSI_12PK_B2G2_SUPER_BOWL_2024,STR_E03
PEPSI_12PK_B2G2_SUPER_BOWL_2024,STR_E04
PEPSI_12PK_B2G2_SUPER_BOWL_2024,STR_E05
PEPSI_12PK_B2G2_SUPER_BOWL_2024,STR_W01
PEPSI_12PK_B2G2_SUPER_BOWL_2024,STR_W02
PEPSI_12PK_B2G2_SUPER_BOWL_2024,STR_W03
PEPSI_12PK_B2G2_SUPER_BOWL_2024,STR_W04
PEPSI_12PK_B2G2_SUPER_BOWL_2024,STR_W05
PEPSI_12PK_B2G2_EASTER_2024,STR_E01
PEPSI_12PK_B2G2_EASTER_2024,STR_E02
PEPSI_12PK_B2G2_EASTER_2024,STR_E03
PEPSI_12PK_B2G2_EASTER_2024,STR_E04
PEPSI_12PK_B2G2_EASTER_2024,STR_E05
PEPSI_12PK_B2G2_EASTER_2024,STR_W01
PEPSI_12PK_B2G2_EASTER_2024,STR_W02
PEPSI_12PK_B2G2_EASTER_2024,STR_W03
PEPSI_12PK_B2G2_EASTER_2024,STR_W04
PEPSI_12PK_B2G2_EASTER_2024,STR_W05
PEPSI_12PK_B2G2_MEMORIAL_DAY_2024,STR_E01
PEPSI_12PK_B2G2_MEMORIAL_DAY_2024,STR_E02
PEPSI_12PK_B2G2_MEMORIAL_DAY_2024,STR_E03
PEPSI_12PK_B2G2_MEMORIAL_DAY_2024,STR_E04
PEPSI_12PK_B2G2_MEMORIAL_DAY_2024,STR_E05
PEPSI_12PK_B2G2_MEMORIAL_DAY_2024,STR_W01
PEPSI_12PK_B2G2_MEMORIAL_DAY_2024,STR_W02
PEPSI_12PK_B2G2_MEMORIAL_DAY_2024,STR_W03
PEPSI_12PK_B2G2_MEMORIAL_DAY_2024,STR_W04
PEPSI_12PK_B2G2_MEMORIAL_DAY_2024,STR_W05
PEPSI_12PK_B2G2_JULY4_2024,STR_E01
PEPSI_12PK_B2G2_JULY4_2024,STR_E02
PEPSI_12PK_B2G2_JULY4_2024,STR_E03
PEPSI_12PK_B2G2_JULY4_2024,STR_E04
PEPSI_12PK_B2G2_JULY4_2024,STR_E05
PEPSI_12PK_B2G2_JULY4_2024,STR_W01
PEPSI_12PK_B2G2_JULY4_2024,STR_W02
PEPSI_12PK_B2G2_JULY4_2024,STR_W03
PEPSI_12PK_B2G2_JULY4_2024,STR_W04
PEPSI_12PK_B2G2_JULY4_2024,STR_W05
PEPSI_12PK_B2G2_BACK_TO_SCHOOL_2024,STR_E01
PEPSI_12PK_B2G2_BACK_TO_SCHOOL_2024,STR_E02
PEPSI_12PK_B2G2_BACK_TO_SCHOOL_2024,STR_E03
PEPSI_12PK_B2G2_BACK_TO_SCHOOL_2024,STR_E04
PEPSI_12PK_B2G2_BACK_TO_SCHOOL_2024,STR_E05
PEPSI_12PK_B2G2_BACK_TO_SCHOOL_2024,STR_W01
PEPSI_12PK_B2G2_BACK_TO_SCHOOL_2024,STR_W02
PEPSI_12PK_B2G2_BACK_TO_SCHOOL_2024,STR_W03
PEPSI_12PK_B2G2_BACK_TO_SCHOOL_2024,STR_W04
PEPSI_12PK_B2G2_BACK_TO_SCHOOL_2024,STR_W05
PEPSI_12PK_B2G2_LABOR_DAY_2024,STR_E01
PEPSI_12PK_B2G2_LABOR_DAY_2024,STR_E02
PEPSI_12PK_B2G2_LABOR_DAY_2024,STR_E03
PEPSI_12PK_B2G2_LABOR_DAY_2024,STR_E04
PEPSI_12PK_B2G2_LABOR_DAY_2024,STR_E05
PEPSI_12PK_B2G2_LABOR_DAY_2024,STR_W01
PEPSI_12PK_B2G2_LABOR_DAY_2024,STR_W02
PEPSI_12PK_B2G2_LABOR_DAY_2024,STR_W03
PEPSI_12PK_B2G2_LABOR_DAY_2024,STR_W04
PEPSI_12PK_B2G2_LABOR_DAY_2024,STR_W05
PEPSI_12PK_B2G2_THANKSGIVING_2024,STR_E01
PEPSI_12PK_B2G2_THANKSGIVING_2024,STR_E02
PEPSI_12PK_B2G2_THANKSGIVING_2024,STR_E03
PEPSI_12PK_B2G2_THANKSGIVING_2024,STR_E04
PEPSI_12PK_B2G2_THANKSGIVING_2024,STR_E05
PEPSI_12PK_B2G2_THANKSGIVING_2024,STR_W01
PEPSI_12PK_B2G2_THANKSGIVING_2024,STR_W02
PEPSI_12PK_B2G2_THANKSGIVING_2024,STR_W03
PEPSI_12PK_B2G2_THANKSGIVING_2024,STR_W04
PEPSI_12PK_B2G2_THANKSGIVING_2024,STR_W05
PEPSI_12PK_B2G2_CHRISTMAS_2024,STR_E01
PEPSI_12PK_B2G2_CHRISTMAS_2024,STR_E02
PEPSI_12PK_B2G2_CHRISTMAS_2024,STR_E03
PEPSI_12PK_B2G2_CHRISTMAS_2024,STR_E04
PEPSI_12PK_B2G2_CHRISTMAS_2024,STR_E05
PEPSI_12PK_B2G2_CHRISTMAS_2024,STR_W01
PEPSI_12PK_B2G2_CHRISTMAS_2024,STR_W02
PEPSI_12PK_B2G2_CHRISTMAS_2024,STR_W03
PEPSI_12PK_B2G2_CHRISTMAS_2024,STR_W04
PEPSI_12PK_B2G2_CHRISTMAS_2024,STR_W05
PEPSI_2LTR_3FOR5_SUPER_BOWL_2024,STR_E01
PEPSI_2LTR_3FOR5_SUPER_BOWL_2024,STR_E02
PEPSI_2LTR_3FOR5_SUPER_BOWL_2024,STR_E03
PEPSI_2LTR_3FOR5_SUPER_BOWL_2024,STR_E04
PEPSI_2LTR_3FOR5_SUPER_BOWL_2024,STR_E05
PEPSI_2LTR_3FOR5_SUPER_BOWL_2024,STR_W01
PEPSI_2LTR_3FOR5_SUPER_BOWL_2024,STR_W02
PEPSI_2LTR_3FOR5_SUPER_BOWL_2024,STR_W03
PEPSI_2LTR_3FOR5_SUPER_BOWL_2024,STR_W04
PEPSI_2LTR_3FOR5_SUPER_BOWL_2024,STR_W05
PEPSI_2LTR_3FOR5_EASTER_2024,STR_E01
PEPSI_2LTR_3FOR5_EASTER_2024,STR_E02
PEPSI_2LTR_3FOR5_EASTER_2024,STR_E03
PEPSI_2LTR_3FOR5_EASTER_2024,STR_E04
PEPSI_2LTR_3FOR5_EASTER_2024,STR_E05
PEPSI_2LTR_3FOR5_EASTER_2024,STR_W01
PEPSI_2LTR_3FOR5_EASTER_2024,STR_W02
PEPSI_2LTR_3FOR5_EASTER_2024,STR_W03
PEPSI_2LTR_3FOR5_EASTER_2024,STR_W04
PEPSI_2LTR_3FOR5_EASTER_2024,STR_W05
PEPSI_2LTR_3FOR5_MEMORIAL_DAY_2024,STR_E01
PEPSI_2LTR_3FOR5_MEMORIAL_DAY_2024,STR_E02
PEPSI_2LTR_3FOR5_MEMORIAL_DAY_2024,STR_E03
PEPSI_2LTR_3FOR5_MEMORIAL_DAY_2024,STR_E04
PEPSI_2LTR_3FOR5_MEMORIAL_DAY_2024,STR_E05
PEPSI_2LTR_3FOR5_MEMORIAL_DAY_2024,STR_W01
PEPSI_2LTR_3FOR5_MEMORIAL_DAY_2024,STR_W02
PEPSI_2LTR_3FOR5_MEMORIAL_DAY_2024,STR_W03
PEPSI_2LTR_3FOR5_MEMORIAL_DAY_2024,STR_W04
PEPSI_2LTR_3FOR5_MEMORIAL_DAY_2024,STR_W05
PEPSI_2LTR_3FOR5_JULY4_2024,STR_E01
PEPSI_2LTR_3FOR5_JULY4_2024,STR_E02
PEPSI_2LTR_3FOR5_JULY4_2024,STR_E03
PEPSI_2LTR_3FOR5_JULY4_2024,STR_E04
PEPSI_2LTR_3FOR5_JULY4_2024,STR_E05
PEPSI_2LTR_3FOR5_JULY4_2024,STR_W01
PEPSI_2LTR_3FOR5_JULY4_2024,STR_W02
PEPSI_2LTR_3FOR5_JULY4_2024,STR_W03
PEPSI_2LTR_3FOR5_JULY4_2024,STR_W04
PEPSI_2LTR_3FOR5_JULY4_2024,STR_W05
PEPSI_2LTR_3FOR5_BACK_TO_SCHOOL_2024,STR_E01
PEPSI_2LTR_3FOR5_BACK_TO_SCHOOL_2024,STR_E02
PEPSI_2LTR_3FOR5_BACK_TO_SCHOOL_2024,STR_E03
PEPSI_2LTR_3FOR5_BACK_TO_SCHOOL_2024,STR_E04
PEPSI_2LTR_3FOR5_BACK_TO_SCHOOL_2024,STR_E05
PEPSI_2LTR_3FOR5_BACK_TO_SCHOOL_2024,STR_W01
PEPSI_2LTR_3FOR5_BACK_TO_SCHOOL_2024,STR_W02
PEPSI_2LTR_3FOR5_BACK_TO_SCHOOL_2024,STR_W03
PEPSI_2LTR_3FOR5_BACK_TO_SCHOOL_2024,STR_W04
PEPSI_2LTR_3FOR5_BACK_TO_SCHOOL_2024,STR_W05
PEPSI_2LTR_3FOR5_LABOR_DAY_2024,STR_E01
PEPSI_2LTR_3FOR5_LABOR_DAY_2024,STR_E02
PEPSI_2LTR_3FOR5_LABOR_DAY_2024,STR_E03
PEPSI_2LTR_3FOR5_LABOR_DAY_2024,STR_E04
PEPSI_2LTR_3FOR5_LABOR_DAY_2024,STR_E05
PEPSI_2LTR_3FOR5_LABOR_DAY_2024,STR_W01
PEPSI_2LTR_3FOR5_LABOR_DAY_2024,STR_W02
PEPSI_2LTR_3FOR5_LABOR_DAY_2024,STR_W03
PEPSI_2LTR_3FOR5_LABOR_DAY_2024,STR_W04
PEPSI_2LTR_3FOR5_LABOR_DAY_2024,STR_W05
PEPSI_2LTR_3FOR5_THANKSGIVING_2024,STR_E01
PEPSI_2LTR_3FOR5_THANKSGIVING_2024,STR_E02
PEPSI_2LTR_3FOR5_THANKSGIVING_2024,STR_E03
PEPSI_2LTR_3FOR5_THANKSGIVING_2024,STR_E04
PEPSI_2LTR_3FOR5_THANKSGIVING_2024,STR_E05
PEPSI_2LTR_3FOR5_THANKSGIVING_2024,STR_W01
PEPSI_2LTR_3FOR5_THANKSGIVING_2024,STR_W02
PEPSI_2LTR_3FOR5_THANKSGIVING_2024,STR_W03
PEPSI_2LTR_3FOR5_THANKSGIVING_2024,STR_W04
PEPSI_2LTR_3FOR5_THANKSGIVING_2024,STR_W05
PEPSI_2LTR_3FOR5_CHRISTMAS_2024,STR_E01
PEPSI_2LTR_3FOR5_CHRISTMAS_2024,STR_E02
PEPSI_2LTR_3FOR5_CHRISTMAS_2024,STR_E03
PEPSI_2LTR_3FOR5_CHRISTMAS_2024,STR_E04
PEPSI_2LTR_3FOR5_CHRISTMAS_2024,STR_E05
PEPSI_2LTR_3FOR5_CHRISTMAS_2024,STR_W01
PEPSI_2LTR_3FOR5_CHRISTMAS_2024,STR_W02
PEPSI_2LTR_3FOR5_CHRISTMAS_2024,STR_W03
PEPSI_2LTR_3FOR5_CHRISTMAS_2024,STR_W04
PEPSI_2LTR_3FOR5_CHRISTMAS_2024,STR_W05
PEPSI_2LTR_199_THANKSGIVING_2024,STR_E01
PEPSI_2LTR_199_THANKSGIVING_2024,STR_E02
PEPSI_2LTR_199_THANKSGIVING_2024,STR_E03
PEPSI_2LTR_199_THANKSGIVING_2024,STR_E04
PEPSI_2LTR_199_THANKSGIVING_2024,STR_E05
PEPSI_2LTR_199_THANKSGIVING_2024,STR_W01
PEPSI_2LTR_199_THANKSGIVING_2024,STR_W02
PEPSI_2LTR_199_THANKSGIVING_2024,STR_W03
PEPSI_2LTR_199_THANKSGIVING_2024,STR_W04
PEPSI_2LTR_199_THANKSGIVING_2024,STR_W05
COLA_12PK_B2G2_SUPER_BOWL_2024,STR_E01
COLA_12PK_B2G2_SUPER_BOWL_2024,STR_E02
COLA_12PK_B2G2_SUPER_BOWL_2024,STR_E03
COLA_12PK_B2G2_SUPER_BOWL_2024,STR_E04
COLA_12PK_B2G2_SUPER_BOWL_2024,STR_E05
COLA_12PK_B2G2_SUPER_BOWL_2024,STR_W01
COLA_12PK_B2G2_SUPER_BOWL_2024,STR_W02
COLA_12PK_B2G2_SUPER_BOWL_2024,STR_W03
COLA_12PK_B2G2_SUPER_BOWL_2024,STR_W04
COLA_12PK_B2G2_SUPER_BOWL_2024,STR_W05
COLA_12PK_B2G2_EASTER_2024,STR_E01
COLA_12PK_B2G2_EASTER_2024,STR_E02
COLA_12PK_B2G2_EASTER_2024,STR_E03
COLA_12PK_B2G2_EASTER_2024,STR_E04
COLA_12PK_B2G2_EASTER_2024,STR_E05
COLA_12PK_B2G2_EASTER_2024,STR_W01
COLA_12PK_B2G2_EASTER_2024,STR_W02
COLA_12PK_B2G2_EASTER_2024,STR_W03
COLA_12PK_B2G2_EASTER_2024,STR_W04
COLA_12PK_B2G2_EASTER_2024,STR_W05
COLA_12PK_B2G2_MEMORIAL_DAY_2024,STR_E01
COLA_12PK_B2G2_MEMORIAL_DAY_2024,STR_E02
COLA_12PK_B2G2_MEMORIAL_DAY_2024,STR_E03
COLA_12PK_B2G2_MEMORIAL_DAY_2024,STR_E04
COLA_12PK_B2G2_MEMORIAL_DAY_2024,STR_E05
COLA_12PK_B2G2_MEMORIAL_DAY_2024,STR_W01
COLA_12PK_B2G2_MEMORIAL_DAY_2024,STR_W02
COLA_12PK_B2G2_MEMORIAL_DAY_2024,STR_W03
COLA_12PK_B2G2_MEMORIAL_DAY_2024,STR_W04
COLA_12PK_B2G2_MEMORIAL_DAY_2024,STR_W05
COLA_12PK_B2G2_JULY4_2024,STR_E01
COLA_12PK_B2G2_JULY4_2024,STR_E02
COLA_12PK_B2G2_JULY4_2024,STR_E03
COLA_12PK_B2G2_JULY4_2024,STR_E04
COLA_12PK_B2G2_JULY4_2024,STR_E05
COLA_12PK_B2G2_JULY4_2024,STR_W01
COLA_12PK_B2G2_JULY4_2024,STR_W02
COLA_12PK_B2G2_JULY4_2024,STR_W03
COLA_12PK_B2G2_JULY4_2024,STR_W04
COLA_12PK_B2G2_JULY4_2024,STR_W05
COLA_12PK_B2G2_BACK_TO_SCHOOL_2024,STR_E01
COLA_12PK_B2G2_BACK_TO_SCHOOL_2024,STR_E02
COLA_12PK_B2G2_BACK_TO_SCHOOL_2024,STR_E03
COLA_12PK_B2G2_BACK_TO_SCHOOL_2024,STR_E04
COLA_12PK_B2G2_BACK_TO_SCHOOL_2024,STR_E05
COLA_12PK_B2G2_BACK_TO_SCHOOL_2024,STR_W01
COLA_12PK_B2G2_BACK_TO_SCHOOL_2024,STR_W02
COLA_12PK_B2G2_BACK_TO_SCHOOL_2024,STR_W03
COLA_12PK_B2G2_BACK_TO_SCHOOL_2024,STR_W04
COLA_12PK_B2G2_BACK_TO_SCHOOL_2024,STR_W05
COLA_12PK_B2G2_LABOR_DAY_2024,STR_E01
COLA_12PK_B2G2_LABOR_DAY_2024,STR_E02
COLA_12PK_B2G2_LABOR_DAY_2024,STR_E03
COLA_12PK_B2G2_LABOR_DAY_2024,STR_E04
COLA_12PK_B2G2_LABOR_DAY_2024,STR_E05
COLA_12PK_B2G2_LABOR_DAY_2024,STR_W01
COLA_12PK_B2G2_LABOR_DAY_2024,STR_W02
COLA_12PK_B2G2_LABOR_DAY_2024,STR_W03
COLA_12PK_B2G2_LABOR_DAY_2024,STR_W04
COLA_12PK_B2G2_LABOR_DAY_2024,STR_W05
COLA_12PK_B2G2_THANKSGIVING_2024,STR_E01
COLA_12PK_B2G2_THANKSGIVING_2024,STR_E02
COLA_12PK_B2G2_THANKSGIVING_2024,STR_E03
COLA_12PK_B2G2_THANKSGIVING_2024,STR_E04
COLA_12PK_B2G2_THANKSGIVING_2024,STR_E05
COLA_12PK_B2G2_THANKSGIVING_2024,STR_W01
COLA_12PK_B2G2_THANKSGIVING_2024,STR_W02
COLA_12PK_B2G2_THANKSGIVING_2024,STR_W03
COLA_12PK_B2G2_THANKSGIVING_2024,STR_W04
COLA_12PK_B2G2_THANKSGIVING_2024,STR_W05
COLA_12PK_B2G2_CHRISTMAS_2024,STR_E01
COLA_12PK_B2G2_CHRISTMAS_2024,STR_E02
COLA_12PK_B2G2_CHRISTMAS_2024,STR_E03
COLA_12PK_B2G2_CHRISTMAS_2024,STR_E04
COLA_12PK_B2G2_CHRISTMAS_2024,STR_E05
COLA_12PK_B2G2_CHRISTMAS_2024,STR_W01
COLA_12PK_B2G2_CHRISTMAS_2024,STR_W02
COLA_12PK_B2G2_CHRISTMAS_2024,STR_W03
COLA_12PK_B2G2_CHRISTMAS_2024,STR_W04
COLA_12PK_B2G2_CHRISTMAS_2024,STR_W05
COLA_2LTR_3FOR5_SUPER_BOWL_2024,STR_E01
COLA_2LTR_3FOR5_SUPER_BOWL_2024,STR_E02
COLA_2LTR_3FOR5_SUPER_BOWL_2024,STR_E03
COLA_2LTR_3FOR5_SUPER_BOWL_2024,STR_E04
COLA_2LTR_3FOR5_SUPER_BOWL_2024,STR_E05
COLA_2LTR_3FOR5_SUPER_BOWL_2024,STR_W01
COLA_2LTR_3FOR5_SUPER_BOWL_2024,STR_W02
COLA_2LTR_3FOR5_SUPER_BOWL_2024,STR_W03
COLA_2LTR_3FOR5_SUPER_BOWL_2024,STR_W04
COLA_2LTR_3FOR5_SUPER_BOWL_2024,STR_W05
COLA_2LTR_3FOR5_EASTER_2024,STR_E01
COLA_2LTR_3FOR5_EASTER_2024,STR_E02
COLA_2LTR_3FOR5_EASTER_2024,STR_E03
COLA_2LTR_3FOR5_EASTER_2024,STR_E04
COLA_2LTR_3FOR5_EASTER_2024,STR_E05
COLA_2LTR_3FOR5_EASTER_2024,STR_W01
COLA_2LTR_3FOR5_EASTER_2024,STR_W02
COLA_2LTR_3FOR5_EASTER_2024,STR_W03
COLA_2LTR_3FOR5_EASTER_2024,STR_W04
COLA_2LTR_3FOR5_EASTER_2024,STR_W05
COLA_2LTR_3FOR5_MEMORIAL_DAY_2024,STR_E01
COLA_2LTR_3FOR5_MEMORIAL_DAY_2024,STR_E02
COLA_2LTR_3FOR5_MEMORIAL_DAY_2024,STR_E03
COLA_2LTR_3FOR5_MEMORIAL_DAY_2024,STR_E04
COLA_2LTR_3FOR5_MEMORIAL_DAY_2024,STR_E05
COLA_2LTR_3FOR5_MEMORIAL_DAY_2024,STR_W01
COLA_2LTR_3FOR5_MEMORIAL_DAY_2024,STR_W02
COLA_2LTR_3FOR5_MEMORIAL_DAY_2024,STR_W03
COLA_2LTR_3FOR5_MEMORIAL_DAY_2024,STR_W04
COLA_2LTR_3FOR5_MEMORIAL_DAY_2024,STR_W05
COLA_2LTR_3FOR5_JULY4_2024,STR_E01
COLA_2LTR_3FOR5_JULY4_2024,STR_E02
COLA_2LTR_3FOR5_JULY4_2024,STR_E03
COLA_2LTR_3FOR5_JULY4_2024,STR_E04
COLA_2LTR_3FOR5_JULY4_2024,STR_E05
COLA_2LTR_3FOR5_JULY4_2024,STR_W01
COLA_2LTR_3FOR5_JULY4_2024,STR_W02
COLA_2LTR_3FOR5_JULY4_2024,STR_W03
COLA_2LTR_3FOR5_JULY4_2024,STR_W04
COLA_2LTR_3FOR5_JULY4_2024,STR_W05
COLA_2LTR_3FOR5_BACK_TO_SCHOOL_2024,STR_E01
COLA_2LTR_3FOR5_BACK_TO_SCHOOL_2024,STR_E02
COLA_2LTR_3FOR5_BACK_TO_SCHOOL_2024,STR_E03
COLA_2LTR_3FOR5_BACK_TO_SCHOOL_2024,STR_E04
COLA_2LTR_3FOR5_BACK_TO_SCHOOL_2024,STR_E05
COLA_2LTR_3FOR5_BACK_TO_SCHOOL_2024,STR_W01
COLA_2LTR_3FOR5_BACK_TO_SCHOOL_2024,STR_W02
COLA_2LTR_3FOR5_BACK_TO_SCHOOL_2024,STR_W03
COLA_2LTR_3FOR5_BACK_TO_SCHOOL_2024,STR_W04
COLA_2LTR_3FOR5_BACK_TO_SCHOOL_2024,STR_W05
COLA_2LTR_3FOR5_LABOR_DAY_2024,STR_E01
COLA_2LTR_3FOR5_LABOR_DAY_2024,STR_E02
COLA_2LTR_3FOR5_LABOR_DAY_2024,STR_E03
COLA_2LTR_3FOR5_LABOR_DAY_2024,STR_E04
COLA_2LTR_3FOR5_LABOR_DAY_2024,STR_E05
COLA_2LTR_3FOR5_LABOR_DAY_2024,STR_W01
COLA_2LTR_3FOR5_LABOR_DAY_2024,STR_W02
COLA_2LTR_3FOR5_LABOR_DAY_2024,STR_W03
COLA_2LTR_3FOR5_LABOR_DAY_2024,STR_W04
COLA_2LTR_3FOR5_LABOR_DAY_2024,STR_W05
COLA_2LTR_3FOR5_THANKSGIVING_2024,STR_E01
COLA_2LTR_3FOR5_THANKSGIVING_2024,STR_E02
COLA_2LTR_3FOR5_THANKSGIVING_2024,STR_E03
COLA_2LTR_3FOR5_THANKSGIVING_2024,STR_E04
COLA_2LTR_3FOR5_THANKSGIVING_2024,STR_E05
COLA_2LTR_3FOR5_THANKSGIVING_2024,STR_W01
COLA_2LTR_3FOR5_THANKSGIVING_2024,STR_W02
COLA_2LTR_3FOR5_THANKSGIVING_2024,STR_W03
COLA_2LTR_3FOR5_THANKSGIVING_2024,STR_W04
COLA_2LTR_3FOR5_THANKSGIVING_2024,STR_W05
COLA_2LTR_3FOR5_CHRISTMAS_2024,STR_E01
COLA_2LTR_3FOR5_CHRISTMAS_2024,STR_E02
COLA_2LTR_3FOR5_CHRISTMAS_2024,STR_E03
COLA_2LTR_3FOR5_CHRISTMAS_2024,STR_E04
COLA_2LTR_3FOR5_CHRISTMAS_2024,STR_E05
COLA_2LTR_3FOR5_CHRISTMAS_2024,STR_W01
COLA_2LTR_3FOR5_CHRISTMAS_2024,STR_W02
COLA_2LTR_3FOR5_CHRISTMAS_2024,STR_W03
COLA_2LTR_3FOR5_CHRISTMAS_2024,STR_W04
COLA_2LTR_3FOR5_CHRISTMAS_2024,STR_W05
COLA_2LTR_199_CHRISTMAS_2024,STR_E01
COLA_2LTR_199_CHRISTMAS_2024,STR_E02
COLA_2LTR_199_CHRISTMAS_2024,STR_E03
COLA_2LTR_199_CHRISTMAS_2024,STR_E04
COLA_2LTR_199_CHRISTMAS_2024,STR_E05
COLA_2LTR_199_CHRISTMAS_2024,STR_W01
COLA_2LTR_199_CHRISTMAS_2024,STR_W02
COLA_2LTR_199_CHRISTMAS_2024,STR_W03
COLA_2LTR_199_CHRISTMAS_2024,STR_W04
COLA_2LTR_199_CHRISTMAS_2024,STR_W05
CDRY_12PK_B2G1_SUPER_BOWL_2024,STR_E01
CDRY_12PK_B2G1_SUPER_BOWL_2024,STR_E02
CDRY_12PK_B2G1_SUPER_BOWL_2024,STR_E03
CDRY_12PK_B2G1_SUPER_BOWL_2024,STR_E04
CDRY_12PK_B2G1_SUPER_BOWL_2024,STR_E05
CDRY_12PK_B2G1_SUPER_BOWL_2024,STR_W01
CDRY_12PK_B2G1_SUPER_BOWL_2024,STR_W02
CDRY_12PK_B2G1_SUPER_BOWL_2024,STR_W03
CDRY_12PK_B2G1_SUPER_BOWL_2024,STR_W04
CDRY_12PK_B2G1_SUPER_BOWL_2024,STR_W05
CDRY_12PK_B2G1_MEMORIAL_DAY_2024,STR_E01
CDRY_12PK_B2G1_MEMORIAL_DAY_2024,STR_E02
CDRY_12PK_B2G1_MEMORIAL_DAY_2024,STR_E03
CDRY_12PK_B2G1_MEMORIAL_DAY_2024,STR_E04
CDRY_12PK_B2G1_MEMORIAL_DAY_2024,STR_E05
CDRY_12PK_B2G1_MEMORIAL_DAY_2024,STR_W01
CDRY_12PK_B2G1_MEMORIAL_DAY_2024,STR_W02
CDRY_12PK_B2G1_MEMORIAL_DAY_2024,STR_W03
CDRY_12PK_B2G1_MEMORIAL_DAY_2024,STR_W04
CDRY_12PK_B2G1_MEMORIAL_DAY_2024,STR_W05
CDRY_12PK_B2G1_JULY4_2024,STR_E01
CDRY_12PK_B2G1_JULY4_2024,STR_E02
CDRY_12PK_B2G1_JULY4_2024,STR_E03
CDRY_12PK_B2G1_JULY4_2024,STR_E04
CDRY_12PK_B2G1_JULY4_2024,STR_E05
CDRY_12PK_B2G1_JULY4_2024,STR_W01
CDRY_12PK_B2G1_JULY4_2024,STR_W02
CDRY_12PK_B2G1_JULY4_2024,STR_W03
CDRY_12PK_B2G1_JULY4_2024,STR_W04
CDRY_12PK_B2G1_JULY4_2024,STR_W05
CDRY_12PK_B2G1_LABOR_DAY_2024,STR_E01
CDRY_12PK_B2G1_LABOR_DAY_2024,STR_E02
CDRY_12PK_B2G1_LABOR_DAY_2024,STR_E03
CDRY_12PK_B2G1_LABOR_DAY_2024,STR_E04
CDRY_12PK_B2G1_LABOR_DAY_2024,STR_E05
CDRY_12PK_B2G1_LABOR_DAY_2024,STR_W01
CDRY_12PK_B2G1_LABOR_DAY_2024,STR_W02
CDRY_12PK_B2G1_LABOR_DAY_2024,STR_W03
CDRY_12PK_B2G1_LABOR_DAY_2024,STR_W04
CDRY_12PK_B2G1_LABOR_DAY_2024,STR_W05
CDRY_12PK_B2G1_THANKSGIVING_2024,STR_E01
CDRY_12PK_B2G1_THANKSGIVING_2024,STR_E02
CDRY_12PK_B2G1_THANKSGIVING_2024,STR_E03
CDRY_12PK_B2G1_THANKSGIVING_2024,STR_E04
CDRY_12PK_B2G1_THANKSGIVING_2024,STR_E05
CDRY_12PK_B2G1_THANKSGIVING_2024,STR_W01
CDRY_12PK_B2G1_THANKSGIVING_2024,STR_W02
CDRY_12PK_B2G1_THANKSGIVING_2024,STR_W03
CDRY_12PK_B2G1_THANKSGIVING_2024,STR_W04
CDRY_12PK_B2G1_THANKSGIVING_2024,STR_W05
CDRY_12PK_B2G1_CHRISTMAS_2024,STR_E01
CDRY_12PK_B2G1_CHRISTMAS_2024,STR_E02
CDRY_12PK_B2G1_CHRISTMAS_2024,STR_E03
CDRY_12PK_B2G1_CHRISTMAS_2024,STR_E04
CDRY_12PK_B2G1_CHRISTMAS_2024,STR_E05
CDRY_12PK_B2G1_CHRISTMAS_2024,STR_W01
CDRY_12PK_B2G1_CHRISTMAS_2024,STR_W02
CDRY_12PK_B2G1_CHRISTMAS_2024,STR_W03
CDRY_12PK_B2G1_CHRISTMAS_2024,STR_W04
CDRY_12PK_B2G1_CHRISTMAS_2024,STR_W05
CDRY_2LTR_2FOR4_SUPER_BOWL_2024,STR_E01
CDRY_2LTR_2FOR4_SUPER_BOWL_2024,STR_E02
CDRY_2LTR_2FOR4_SUPER_BOWL_2024,STR_E03
CDRY_2LTR_2FOR4_SUPER_BOWL_2024,STR_E04
CDRY_2LTR_2FOR4_SUPER_BOWL_2024,STR_E05
CDRY_2LTR_2FOR4_SUPER_BOWL_2024,STR_W01
CDRY_2LTR_2FOR4_SUPER_BOWL_2024,STR_W02
CDRY_2LTR_2FOR4_SUPER_BOWL_2024,STR_W03
CDRY_2LTR_2FOR4_SUPER_BOWL_2024,STR_W04
CDRY_2LTR_2FOR4_SUPER_BOWL_2024,STR_W05
CDRY_2LTR_2FOR4_MEMORIAL_DAY_2024,STR_E01
CDRY_2LTR_2FOR4_MEMORIAL_DAY_2024,STR_E02
CDRY_2LTR_2FOR4_MEMORIAL_DAY_2024,STR_E03
CDRY_2LTR_2FOR4_MEMORIAL_DAY_2024,STR_E04
CDRY_2LTR_2FOR4_MEMORIAL_DAY_2024,STR_E05
CDRY_2LTR_2FOR4_MEMORIAL_DAY_2024,STR_W01
CDRY_2LTR_2FOR4_MEMORIAL_DAY_2024,STR_W02
CDRY_2LTR_2FOR4_MEMORIAL_DAY_2024,STR_W03
CDRY_2LTR_2FOR4_MEMORIAL_DAY_2024,STR_W04
CDRY_2LTR_2FOR4_MEMORIAL_DAY_2024,STR_W05
CDRY_2LTR_2FOR4_JULY4_2024,STR_E01
CDRY_2LTR_2FOR4_JULY4_2024,STR_E02
CDRY_2LTR_2FOR4_JULY4_2024,STR_E03
CDRY_2LTR_2FOR4_JULY4_2024,STR_E04
CDRY_2LTR_2FOR4_JULY4_2024,STR_E05
CDRY_2LTR_2FOR4_JULY4_2024,STR_W01
CDRY_2LTR_2FOR4_JULY4_2024,STR_W02
CDRY_2LTR_2FOR4_JULY4_2024,STR_W03
CDRY_2LTR_2FOR4_JULY4_2024,STR_W04
CDRY_2LTR_2FOR4_JULY4_2024,STR_W05
CDRY_2LTR_2FOR4_LABOR_DAY_2024,STR_E01
CDRY_2LTR_2FOR4_LABOR_DAY_2024,STR_E02
CDRY_2LTR_2FOR4_LABOR_DAY_2024,STR_E03
CDRY_2LTR_2FOR4_LABOR_DAY_2024,STR_E04
CDRY_2LTR_2FOR4_LABOR_DAY_2024,STR_E05
CDRY_2LTR_2FOR4_LABOR_DAY_2024,STR_W01
CDRY_2LTR_2FOR4_LABOR_DAY_2024,STR_W02
CDRY_2LTR_2FOR4_LABOR_DAY_2024,STR_W03
CDRY_2LTR_2FOR4_LABOR_DAY_2024,STR_W04
CDRY_2LTR_2FOR4_LABOR_DAY_2024,STR_W05
CDRY_2LTR_2FOR4_THANKSGIVING_2024,STR_E01
CDRY_2LTR_2FOR4_THANKSGIVING_2024,STR_E02
CDRY_2LTR_2FOR4_THANKSGIVING_2024,STR_E03
CDRY_2LTR_2FOR4_THANKSGIVING_2024,STR_E04
CDRY_2LTR_2FOR4_THANKSGIVING_2024,STR_E05
CDRY_2LTR_2FOR4_THANKSGIVING_2024,STR_W01
CDRY_2LTR_2FOR4_THANKSGIVING_2024,STR_W02
CDRY_2LTR_2FOR4_THANKSGIVING_2024,STR_W03
CDRY_2LTR_2FOR4_THANKSGIVING_2024,STR_W04
CDRY_2LTR_2FOR4_THANKSGIVING_2024,STR_W05
CDRY_2LTR_2FOR4_CHRISTMAS_2024,STR_E01
CDRY_2LTR_2FOR4_CHRISTMAS_2024,STR_E02
CDRY_2LTR_2FOR4_CHRISTMAS_2024,STR_E03
CDRY_2LTR_2FOR4_CHRISTMAS_2024,STR_E04
CDRY_2LTR_2FOR4_CHRISTMAS_2024,STR_E05
CDRY_2LTR_2FOR4_CHRISTMAS_2024,STR_W01
CDRY_2LTR_2FOR4_CHRISTMAS_2024,STR_W02
CDRY_2LTR_2FOR4_CHRISTMAS_2024,STR_W03
CDRY_2LTR_2FOR4_CHRISTMAS_2024,STR_W04
CDRY_2LTR_2FOR4_CHRISTMAS_2024,STR_W05
CDRY_2LTR_199_CHRISTMAS_2024,STR_E01
CDRY_2LTR_199_CHRISTMAS_2024,STR_E02
CDRY_2LTR_199_CHRISTMAS_2024,STR_E03
CDRY_2LTR_199_CHRISTMAS_2024,STR_E04
CDRY_2LTR_199_CHRISTMAS_2024,STR_E05
CDRY_2LTR_199_CHRISTMAS_2024,STR_W01
CDRY_2LTR_199_CHRISTMAS_2024,STR_W02
CDRY_2LTR_199_CHRISTMAS_2024,STR_W03
CDRY_2LTR_199_CHRISTMAS_2024,STR_W04
CDRY_2LTR_199_CHRISTMAS_2024,STR_W05
SCHWP_12PK_2FOR12_SUPER_BOWL_2024,STR_E01
SCHWP_12PK_2FOR12_SUPER_BOWL_2024,STR_E02
SCHWP_12PK_2FOR12_SUPER_BOWL_2024,STR_E03
SCHWP_12PK_2FOR12_SUPER_BOWL_2024,STR_E04
SCHWP_12PK_2FOR12_SUPER_BOWL_2024,STR_E05
SCHWP_12PK_2FOR12_SUPER_BOWL_2024,STR_W01
SCHWP_12PK_2FOR12_SUPER_BOWL_2024,STR_W02
SCHWP_12PK_2FOR12_SUPER_BOWL_2024,STR_W03
SCHWP_12PK_2FOR12_SUPER_BOWL_2024,STR_W04
SCHWP_12PK_2FOR12_SUPER_BOWL_2024,STR_W05
SCHWP_12PK_2FOR12_MEMORIAL_DAY_2024,STR_E01
SCHWP_12PK_2FOR12_MEMORIAL_DAY_2024,STR_E02
SCHWP_12PK_2FOR12_MEMORIAL_DAY_2024,STR_E03
SCHWP_12PK_2FOR12_MEMORIAL_DAY_2024,STR_E04
SCHWP_12PK_2FOR12_MEMORIAL_DAY_2024,STR_E05
SCHWP_12PK_2FOR12_MEMORIAL_DAY_2024,STR_W01
SCHWP_12PK_2FOR12_MEMORIAL_DAY_2024,STR_W02
SCHWP_12PK_2FOR12_MEMORIAL_DAY_2024,STR_W03
SCHWP_12PK_2FOR12_MEMORIAL_DAY_2024,STR_W04
SCHWP_12PK_2FOR12_MEMORIAL_DAY_2024,STR_W05
SCHWP_12PK_2FOR12_JULY4_2024,STR_E01
SCHWP_12PK_2FOR12_JULY4_2024,STR_E02
SCHWP_12PK_2FOR12_JULY4_2024,STR_E03
SCHWP_12PK_2FOR12_JULY4_2024,STR_E04
SCHWP_12PK_2FOR12_JULY4_2024,STR_E05
SCHWP_12PK_2FOR12_JULY4_2024,STR_W01
SCHWP_12PK_2FOR12_JULY4_2024,STR_W02
SCHWP_12PK_2FOR12_JULY4_2024,STR_W03
SCHWP_12PK_2FOR12_JULY4_2024,STR_W04
SCHWP_12PK_2FOR12_JULY4_2024,STR_W05
SCHWP_12PK_2FOR12_LABOR_DAY_2024,STR_E01
SCHWP_12PK_2FOR12_LABOR_DAY_2024,STR_E02
SCHWP_12PK_2FOR12_LABOR_DAY_2024,STR_E03
SCHWP_12PK_2FOR12_LABOR_DAY_2024,STR_E04
SCHWP_12PK_2FOR12_LABOR_DAY_2024,STR_E05
SCHWP_12PK_2FOR12_LABOR_DAY_2024,STR_W01
SCHWP_12PK_2FOR12_LABOR_DAY_2024,STR_W02
SCHWP_12PK_2FOR12_LABOR_DAY_2024,STR_W03
SCHWP_12PK_2FOR12_LABOR_DAY_2024,STR_W04
SCHWP_12PK_2FOR12_LABOR_DAY_2024,STR_W05
SCHWP_12PK_2FOR12_THANKSGIVING_2024,STR_E01
SCHWP_12PK_2FOR12_THANKSGIVING_2024,STR_E02
SCHWP_12PK_2FOR12_THANKSGIVING_2024,STR_E03
SCHWP_12PK_2FOR12_THANKSGIVING_2024,STR_E04
SCHWP_12PK_2FOR12_THANKSGIVING_2024,STR_E05
SCHWP_12PK_2FOR12_THANKSGIVING_2024,STR_W01
SCHWP_12PK_2FOR12_THANKSGIVING_2024,STR_W02
SCHWP_12PK_2FOR12_THANKSGIVING_2024,STR_W03
SCHWP_12PK_2FOR12_THANKSGIVING_2024,STR_W04
SCHWP_12PK_2FOR12_THANKSGIVING_2024,STR_W05
SCHWP_12PK_2FOR12_CHRISTMAS_2024,STR_E01
SCHWP_12PK_2FOR12_CHRISTMAS_2024,STR_E02
SCHWP_12PK_2FOR12_CHRISTMAS_2024,STR_E03
SCHWP_12PK_2FOR12_CHRISTMAS_2024,STR_E04
SCHWP_12PK_2FOR12_CHRISTMAS_2024,STR_E05
SCHWP_12PK_2FOR12_CHRISTMAS_2024,STR_W01
SCHWP_12PK_2FOR12_CHRISTMAS_2024,STR_W02
SCHWP_12PK_2FOR12_CHRISTMAS_2024,STR_W03
SCHWP_12PK_2FOR12_CHRISTMAS_2024,STR_W04
SCHWP_12PK_2FOR12_CHRISTMAS_2024,STR_W05
SCHWP_2LTR_2FOR4_SUPER_BOWL_2024,STR_E01
SCHWP_2LTR_2FOR4_SUPER_BOWL_2024,STR_E02
SCHWP_2LTR_2FOR4_SUPER_BOWL_2024,STR_E03
SCHWP_2LTR_2FOR4_SUPER_BOWL_2024,STR_E04
SCHWP_2LTR_2FOR4_SUPER_BOWL_2024,STR_E05
SCHWP_2LTR_2FOR4_SUPER_BOWL_2024,STR_W01
SCHWP_2LTR_2FOR4_SUPER_BOWL_2024,STR_W02
SCHWP_2LTR_2FOR4_SUPER_BOWL_2024,STR_W03
SCHWP_2LTR_2FOR4_SUPER_BOWL_2024,STR_W04
SCHWP_2LTR_2FOR4_SUPER_BOWL_2024,STR_W05
SCHWP_2LTR_2FOR4_MEMORIAL_DAY_2024,STR_E01
SCHWP_2LTR_2FOR4_MEMORIAL_DAY_2024,STR_E02
SCHWP_2LTR_2FOR4_MEMORIAL_DAY_2024,STR_E03
SCHWP_2LTR_2FOR4_MEMORIAL_DAY_2024,STR_E04
SCHWP_2LTR_2FOR4_MEMORIAL_DAY_2024,STR_E05
SCHWP_2LTR_2FOR4_MEMORIAL_DAY_2024,STR_W01
SCHWP_2LTR_2FOR4_MEMORIAL_DAY_2024,STR_W02
SCHWP_2LTR_2FOR4_MEMORIAL_DAY_2024,STR_W03
SCHWP_2LTR_2FOR4_MEMORIAL_DAY_2024,STR_W04
SCHWP_2LTR_2FOR4_MEMORIAL_DAY_2024,STR_W05
SCHWP_2LTR_2FOR4_JULY4_2024,STR_E01
SCHWP_2LTR_2FOR4_JULY4_2024,STR_E02
SCHWP_2LTR_2FOR4_JULY4_2024,STR_E03
SCHWP_2LTR_2FOR4_JULY4_2024,STR_E04
SCHWP_2LTR_2FOR4_JULY4_2024,STR_E05
SCHWP_2LTR_2FOR4_JULY4_2024,STR_W01
SCHWP_2LTR_2FOR4_JULY4_2024,STR_W02
SCHWP_2LTR_2FOR4_JULY4_2024,STR_W03
SCHWP_2LTR_2FOR4_JULY4_2024,STR_W04
SCHWP_2LTR_2FOR4_JULY4_2024,STR_W05
SCHWP_2LTR_2FOR4_LABOR_DAY_2024,STR_E01
SCHWP_2LTR_2FOR4_LABOR_DAY_2024,STR_E02
SCHWP_2LTR_2FOR4_LABOR_DAY_2024,STR_E03
SCHWP_2LTR_2FOR4_LABOR_DAY_2024,STR_E04
SCHWP_2LTR_2FOR4_LABOR_DAY_2024,STR_E05
SCHWP_2LTR_2FOR4_LABOR_DAY_2024,STR_W01
SCHWP_2LTR_2FOR4_LABOR_DAY_2024,STR_W02
SCHWP_2LTR_2FOR4_LABOR_DAY_2024,STR_W03
SCHWP_2LTR_2FOR4_LABOR_DAY_2024,STR_W04
SCHWP_2LTR_2FOR4_LABOR_DAY_2024,STR_W05
SCHWP_2LTR_2FOR4_THANKSGIVING_2024,STR_E01
SCHWP_2LTR_2FOR4_THANKSGIVING_2024,STR_E02
SCHWP_2LTR_2FOR4_THANKSGIVING_2024,STR_E03
SCHWP_2LTR_2FOR4_THANKSGIVING_2024,STR_E04
SCHWP_2LTR_2FOR4_THANKSGIVING_2024,STR_E05
SCHWP_2LTR_2FOR4_THANKSGIVING_2024,STR_W01
SCHWP_2LTR_2FOR4_THANKSGIVING_2024,STR_W02
SCHWP_2LTR_2FOR4_THANKSGIVING_2024,STR_W03
SCHWP_2LTR_2FOR4_THANKSGIVING_2024,STR_W04
SCHWP_2LTR_2FOR4_THANKSGIVING_2024,STR_W05
SCHWP_2LTR_2FOR4_CHRISTMAS_2024,STR_E01
SCHWP_2LTR_2FOR4_CHRISTMAS_2024,STR_E02
SCHWP_2LTR_2FOR4_CHRISTMAS_2024,STR_E03
SCHWP_2LTR_2FOR4_CHRISTMAS_2024,STR_E04
SCHWP_2LTR_2FOR4_CHRISTMAS_2024,STR_E05
SCHWP_2LTR_2FOR4_CHRISTMAS_2024,STR_W01
SCHWP_2LTR_2FOR4_CHRISTMAS_2024,STR_W02
SCHWP_2LTR_2FOR4_CHRISTMAS_2024,STR_W03
SCHWP_2LTR_2FOR4_CHRISTMAS_2024,STR_W04
SCHWP_2LTR_2FOR4_CHRISTMAS_2024,STR_W05
SCHWP_2LTR_199_THANKSGIVING_2024,STR_E01
SCHWP_2LTR_199_THANKSGIVING_2024,STR_E02
SCHWP_2LTR_199_THANKSGIVING_2024,STR_E03
SCHWP_2LTR_199_THANKSGIVING_2024,STR_E04
SCHWP_2LTR_199_THANKSGIVING_2024,STR_E05
SCHWP_2LTR_199_THANKSGIVING_2024,STR_W01
SCHWP_2LTR_199_THANKSGIVING_2024,STR_W02
SCHWP_2LTR_199_THANKSGIVING_2024,STR_W03
SCHWP_2LTR_199_THANKSGIVING_2024,STR_W04
SCHWP_2LTR_199_THANKSGIVING_2024,STR_W05
