receipt_id,store_id,item_id,receipt_date,received_qty,unfilled_qty,receipt_type,so_number
SR_000001,STR_E01,2840016014,2024-01-02,148.0,0.0,FULL,SO_20240101_STR_E01_0001
SR_000001,STR_E01,1200080994,2024-01-09,239.0,0.0,FULL,SO_20240108_STR_E01_0002
SR_000001,STR_E01,4900005010,2024-01-09,163.0,0.0,FULL,SO_20240108_STR_E01_0002
SR_000001,STR_E02,1200080994,2024-01-09,189.0,0.0,FULL,SO_20240108_STR_E02_0003
SR_000001,STR_E02,2840016014,2024-01-09,153.0,0.0,FULL,SO_20240108_STR_E02_0003
SR_000001,STR_E02,4900005010,2024-01-09,187.0,0.0,FULL,SO_20240108_STR_E02_0003
SR_000001,STR_W01,1200080994,2024-01-09,198.0,0.0,FULL,SO_20240108_STR_W01_0004
SR_000001,STR_W01,2840016014,2024-01-09,148.0,0.0,FULL,SO_20240108_STR_W01_0004
SR_000001,STR_W01,4900005010,2024-01-09,181.0,0.0,FULL,SO_20240108_STR_W01_0004
SR_000001,STR_E01,1200080994,2024-01-23,215.0,0.0,FULL,SO_20240122_STR_E01_0005
SR_000001,STR_E01,2840016014,2024-01-23,163.0,0.0,FULL,SO_20240122_STR_E01_0005
SR_000001,STR_E01,4900005010,2024-01-23,232.0,0.0,FULL,SO_20240122_STR_E01_0005
SR_000001,STR_E02,1200080994,2024-01-23,273.0,0.0,FULL,SO_20240122_STR_E02_0006
SR_000001,STR_E02,2840016014,2024-01-23,171.0,0.0,FULL,SO_20240122_STR_E02_0006
SR_000001,STR_W01,1200080994,2024-01-23,257.0,0.0,FULL,SO_20240122_STR_W01_0007
SR_000001,STR_W01,2840016014,2024-01-23,154.0,0.0,FULL,SO_20240122_STR_W01_0007
SR_000001,STR_W01,4900005010,2024-01-23,213.0,0.0,FULL,SO_20240122_STR_W01_0007
SR_000001,STR_E02,4900005010,2024-01-24,193.0,0.0,FULL,SO_20240122_STR_E02_0006
SR_000001,STR_E01,1200080994,2024-01-30,318.0,0.0,FULL,SO_20240129_STR_E01_0008
SR_000001,STR_E01,4900005010,2024-01-30,190.0,0.0,FULL,SO_20240129_STR_E01_0008
SR_000001,STR_E02,1200080994,2024-01-30,331.0,0.0,FULL,SO_20240129_STR_E02_0009
SR_000001,STR_E02,4900005010,2024-01-30,230.0,0.0,FULL,SO_20240129_STR_E02_0009
SR_000001,STR_W01,1200080994,2024-01-30,332.0,0.0,FULL,SO_20240129_STR_W01_0010
SR_000001,STR_W01,4900005010,2024-01-30,204.0,0.0,FULL,SO_20240129_STR_W01_0010
SR_000001,STR_E01,1200080994,2024-02-06,668.0,0.0,FULL,SO_20240205_STR_E01_0011
SR_000001,STR_E01,2840016014,2024-02-06,326.0,0.0,FULL,SO_20240205_STR_E01_0011
SR_000001,STR_E01,4900005010,2024-02-06,446.0,0.0,FULL,SO_20240205_STR_E01_0011
SR_000001,STR_E02,1200080994,2024-02-06,740.0,0.0,FULL,SO_20240205_STR_E02_0012
SR_000001,STR_E02,2840016014,2024-02-06,321.0,0.0,FULL,SO_20240205_STR_E02_0012
SR_000001,STR_E02,4900005010,2024-02-06,108.0,0.0,FULL,SO_20240205_STR_E02_0012
SR_000001,STR_W01,1200080994,2024-02-06,687.0,0.0,FULL,SO_20240205_STR_W01_0013
SR_000001,STR_W01,2840016014,2024-02-06,310.0,0.0,FULL,SO_20240205_STR_W01_0013
SR_000001,STR_W01,4900005010,2024-02-06,293.0,0.0,FULL,SO_20240205_STR_W01_0013
SR_000001,STR_E02,4900005010,2024-02-13,495.0,0.0,FULL,SO_20240212_STR_E02_0014
SR_000001,STR_W01,4900005010,2024-02-13,360.0,0.0,FULL,SO_20240212_STR_W01_0015
SR_000001,STR_E01,2840016014,2024-02-20,166.0,0.0,FULL,SO_20240219_STR_E01_0016
SR_000001,STR_E01,1200080994,2024-02-27,367.0,0.0,FULL,SO_20240226_STR_E01_0017
SR_000001,STR_E01,4900005010,2024-02-27,285.0,0.0,FULL,SO_20240226_STR_E01_0017
SR_000001,STR_E02,1200080994,2024-02-27,362.0,0.0,FULL,SO_20240226_STR_E02_0018
SR_000001,STR_E02,2840016014,2024-02-27,160.0,62.0,PARTIAL,SO_20240226_STR_E02_0018
SR_000001,STR_W01,1200080994,2024-02-27,390.0,0.0,FULL,SO_20240226_STR_W01_0019
SR_000001,STR_W01,2840016014,2024-02-27,196.0,0.0,FULL,SO_20240226_STR_W01_0019
SR_000001,STR_E02,2840016014,2024-02-29,62.0,0.0,FULL,SO_20240226_STR_E02_0018
SR_000001,STR_E01,2840016014,2024-03-12,176.0,0.0,FULL,SO_20240311_STR_E01_0020
SR_000001,STR_E02,4900005010,2024-03-12,160.0,0.0,FULL,SO_20240311_STR_E02_0021
SR_000001,STR_W01,4900005010,2024-03-12,174.0,0.0,FULL,SO_20240311_STR_W01_0022
SR_000001,STR_E01,4900005010,2024-03-19,166.0,0.0,FULL,SO_20240318_STR_E01_0023
SR_000001,STR_E02,2840016014,2024-03-19,163.0,0.0,FULL,SO_20240318_STR_E02_0024
SR_000001,STR_W01,2840016014,2024-03-19,186.0,0.0,FULL,SO_20240318_STR_W01_0025
SR_000001,STR_E01,1200080994,2024-03-26,402.0,0.0,FULL,SO_20240325_STR_E01_0026
SR_000001,STR_E01,2840016014,2024-03-26,176.0,0.0,FULL,SO_20240325_STR_E01_0026
SR_000001,STR_E01,4900005010,2024-03-26,178.0,0.0,FULL,SO_20240325_STR_E01_0026
SR_000001,STR_E02,1200080994,2024-03-26,401.0,0.0,FULL,SO_20240325_STR_E02_0027
SR_000001,STR_E02,4900005010,2024-03-26,277.0,0.0,FULL,SO_20240325_STR_E02_0027
SR_000001,STR_W01,1200080994,2024-03-26,404.0,0.0,FULL,SO_20240325_STR_W01_0028
SR_000001,STR_W01,4900005010,2024-03-26,253.0,0.0,FULL,SO_20240325_STR_W01_0028
