store_id,item_id,date,week,demand_qty,sales_qty,lost_sales_qty,sales_amount
STR_E01,1200080994,2024-01-01,2024-W01,18.0,18.0,0.0,143.82
STR_E01,2840016014,2024-01-01,2024-W01,14.0,14.0,0.0,69.86
STR_E01,4900005010,2024-01-01,2024-W01,15.0,15.0,0.0,29.85
STR_E02,1200080994,2024-01-01,2024-W01,16.0,16.0,0.0,127.84
STR_E02,2840016014,2024-01-01,2024-W01,12.0,12.0,0.0,59.88
STR_E02,4900005010,2024-01-01,2024-W01,12.0,12.0,0.0,23.88
STR_W01,1200080994,2024-01-01,2024-W01,14.0,14.0,0.0,111.86
STR_W01,2840016014,2024-01-01,2024-W01,12.0,12.0,0.0,59.88
STR_W01,4900005010,2024-01-01,2024-W01,16.0,16.0,0.0,31.84
STR_E01,1200080994,2024-01-02,2024-W01,18.0,18.0,0.0,143.82
STR_E01,2840016014,2024-01-02,2024-W01,9.0,9.0,0.0,44.910000000000004
STR_E01,4900005010,2024-01-02,2024-W01,12.0,12.0,0.0,23.88
STR_E02,1200080994,2024-01-02,2024-W01,14.0,14.0,0.0,111.86
STR_E02,2840016014,2024-01-02,2024-W01,9.0,9.0,0.0,44.910000000000004
STR_E02,4900005010,2024-01-02,2024-W01,12.0,12.0,0.0,23.88
STR_W01,1200080994,2024-01-02,2024-W01,15.0,15.0,0.0,119.85000000000001
STR_W01,2840016014,2024-01-02,2024-W01,11.0,11.0,0.0,54.89
STR_W01,4900005010,2024-01-02,2024-W01,14.0,14.0,0.0,27.86
STR_E01,1200080994,2024-01-03,2024-W01,21.0,21.0,0.0,167.79
STR_E01,2840016014,2024-01-03,2024-W01,10.0,10.0,0.0,49.900000000000006
STR_E01,4900005010,2024-01-03,2024-W01,12.0,12.0,0.0,23.88
STR_E02,1200080994,2024-01-03,2024-W01,16.0,16.0,0.0,127.84
STR_E02,2840016014,2024-01-03,2024-W01,8.0,8.0,0.0,39.92
STR_E02,4900005010,2024-01-03,2024-W01,14.0,14.0,0.0,27.86
STR_W01,1200080994,2024-01-03,2024-W01,16.0,16.0,0.0,127.84
STR_W01,2840016014,2024-01-03,2024-W01,12.0,12.0,0.0,59.88
STR_W01,4900005010,2024-01-03,2024-W01,15.0,15.0,0.0,29.85
STR_E01,1200080994,2024-01-04,2024-W01,16.0,16.0,0.0,127.84
STR_E01,2840016014,2024-01-04,2024-W01,8.0,8.0,0.0,39.92
STR_E01,4900005010,2024-01-04,2024-W01,13.0,13.0,0.0,25.87
STR_E02,1200080994,2024-01-04,2024-W01,14.0,14.0,0.0,111.86
STR_E02,2840016014,2024-01-04,2024-W01,12.0,12.0,0.0,59.88
STR_E02,4900005010,2024-01-04,2024-W01,15.0,15.0,0.0,29.85
STR_W01,1200080994,2024-01-04,2024-W01,18.0,18.0,0.0,143.82
STR_W01,2840016014,2024-01-04,2024-W01,11.0,11.0,0.0,54.89
STR_W01,4900005010,2024-01-04,2024-W01,13.0,13.0,0.0,25.87
STR_E01,1200080994,2024-01-05,2024-W01,16.0,16.0,0.0,127.84
STR_E01,2840016014,2024-01-05,2024-W01,10.0,10.0,0.0,49.900000000000006
STR_E01,4900005010,2024-01-05,2024-W01,12.0,12.0,0.0,23.88
STR_E02,1200080994,2024-01-05,2024-W01,16.0,16.0,0.0,127.84
STR_E02,2840016014,2024-01-05,2024-W01,9.0,9.0,0.0,44.910000000000004
STR_E02,4900005010,2024-01-05,2024-W01,15.0,15.0,0.0,29.85
STR_W01,1200080994,2024-01-05,2024-W01,17.0,17.0,0.0,135.83
STR_W01,2840016014,2024-01-05,2024-W01,7.0,7.0,0.0,34.93
STR_W01,4900005010,2024-01-05,2024-W01,10.0,10.0,0.0,19.9
STR_E01,1200080994,2024-01-06,2024-W01,15.0,15.0,0.0,119.85000000000001
STR_E01,2840016014,2024-01-06,2024-W01,10.0,10.0,0.0,49.900000000000006
STR_E01,4900005010,2024-01-06,2024-W01,16.0,16.0,0.0,31.84
STR_E02,1200080994,2024-01-06,2024-W01,13.0,13.0,0.0,103.87
STR_E02,2840016014,2024-01-06,2024-W01,8.0,8.0,0.0,39.92
STR_E02,4900005010,2024-01-06,2024-W01,15.0,15.0,0.0,29.85
STR_W01,1200080994,2024-01-06,2024-W01,17.0,17.0,0.0,135.83
STR_W01,2840016014,2024-01-06,2024-W01,10.0,10.0,0.0,49.900000000000006
STR_W01,4900005010,2024-01-06,2024-W01,12.0,12.0,0.0,23.88
STR_E01,1200080994,2024-01-07,2024-W01,16.0,16.0,0.0,127.84
STR_E01,2840016014,2024-01-07,2024-W01,11.0,11.0,0.0,54.89
STR_E01,4900005010,2024-01-07,2024-W01,13.0,13.0,0.0,25.87
STR_E02,1200080994,2024-01-07,2024-W01,17.0,17.0,0.0,135.83
STR_E02,2840016014,2024-01-07,2024-W01,14.0,14.0,0.0,69.86
STR_E02,4900005010,2024-01-07,2024-W01,15.0,15.0,0.0,29.85
STR_W01,1200080994,2024-01-07,2024-W01,18.0,18.0,0.0,143.82
STR_W01,2840016014,2024-01-07,2024-W01,11.0,11.0,0.0,54.89
STR_W01,4900005010,2024-01-07,2024-W01,12.0,12.0,0.0,23.88
STR_E01,1200080994,2024-01-08,2024-W02,19.0,19.0,0.0,151.81
STR_E01,2840016014,2024-01-08,2024-W02,10.0,10.0,0.0,49.900000000000006
STR_E01,4900005010,2024-01-08,2024-W02,9.0,9.0,0.0,17.91
STR_E02,1200080994,2024-01-08,2024-W02,22.0,22.0,0.0,175.78
STR_E02,2840016014,2024-01-08,2024-W02,13.0,13.0,0.0,64.87
STR_E02,4900005010,2024-01-08,2024-W02,12.0,12.0,0.0,23.88
STR_W01,1200080994,2024-01-08,2024-W02,14.0,14.0,0.0,111.86
STR_W01,2840016014,2024-01-08,2024-W02,10.0,10.0,0.0,49.900000000000006
STR_W01,4900005010,2024-01-08,2024-W02,17.0,17.0,0.0,33.83
STR_E01,1200080994,2024-01-09,2024-W02,18.0,18.0,0.0,143.82
STR_E01,2840016014,2024-01-09,2024-W02,15.0,15.0,0.0,74.85000000000001
STR_E01,4900005010,2024-01-09,2024-W02,10.0,10.0,0.0,19.9
STR_E02,1200080994,2024-01-09,2024-W02,17.0,17.0,0.0,135.83
STR_E02,2840016014,2024-01-09,2024-W02,15.0,15.0,0.0,74.85000000000001
STR_E02,4900005010,2024-01-09,2024-W02,11.0,11.0,0.0,21.89
STR_W01,1200080994,2024-01-09,2024-W02,15.0,15.0,0.0,119.85000000000001
STR_W01,2840016014,2024-01-09,2024-W02,10.0,10.0,0.0,49.900000000000006
STR_W01,4900005010,2024-01-09,2024-W02,14.0,14.0,0.0,27.86
STR_E01,1200080994,2024-01-10,2024-W02,16.0,16.0,0.0,127.84
STR_E01,2840016014,2024-01-10,2024-W02,10.0,10.0,0.0,49.900000000000006
STR_E01,4900005010,2024-01-10,2024-W02,15.0,15.0,0.0,29.85
STR_E02,1200080994,2024-01-10,2024-W02,13.0,13.0,0.0,103.87
STR_E02,2840016014,2024-01-10,2024-W02,10.0,10.0,0.0,49.900000000000006
STR_E02,4900005010,2024-01-10,2024-W02,11.0,11.0,0.0,21.89
STR_W01,1200080994,2024-01-10,2024-W02,16.0,16.0,0.0,127.84
STR_W01,2840016014,2024-01-10,2024-W02,11.0,11.0,0.0,54.89
STR_W01,4900005010,2024-01-10,2024-W02,17.0,17.0,0.0,33.83
STR_E01,1200080994,2024-01-11,2024-W02,15.0,15.0,0.0,119.85000000000001
STR_E01,2840016014,2024-01-11,2024-W02,10.0,10.0,0.0,49.900000000000006
STR_E01,4900005010,2024-01-11,2024-W02,14.0,14.0,0.0,27.86
STR_E02,1200080994,2024-01-11,2024-W02,15.0,15.0,0.0,119.85000000000001
STR_E02,2840016014,2024-01-11,2024-W02,14.0,14.0,0.0,69.86
STR_E02,4900005010,2024-01-11,2024-W02,13.0,13.0,0.0,25.87
STR_W01,1200080994,2024-01-11,2024-W02,16.0,16.0,0.0,127.84
STR_W01,2840016014,2024-01-11,2024-W02,11.0,11.0,0.0,54.89
STR_W01,4900005010,2024-01-11,2024-W02,16.0,16.0,0.0,31.84
STR_E01,1200080994,2024-01-12,2024-W02,17.0,17.0,0.0,135.83
STR_E01,2840016014,2024-01-12,2024-W02,11.0,11.0,0.0,54.89
STR_E01,4900005010,2024-01-12,2024-W02,13.0,13.0,0.0,25.87
STR_E02,1200080994,2024-01-12,2024-W02,21.0,21.0,0.0,167.79
STR_E02,2840016014,2024-01-12,2024-W02,12.0,12.0,0.0,59.88
STR_E02,4900005010,2024-01-12,2024-W02,12.0,12.0,0.0,23.88
STR_W01,1200080994,2024-01-12,2024-W02,17.0,17.0,0.0,135.83
STR_W01,2840016014,2024-01-12,2024-W02,12.0,12.0,0.0,59.88
STR_W01,4900005010,2024-01-12,2024-W02,14.0,14.0,0.0,27.86
STR_E01,1200080994,2024-01-13,2024-W02,15.0,15.0,0.0,119.85000000000001
STR_E01,2840016014,2024-01-13,2024-W02,11.0,11.0,0.0,54.89
STR_E01,4900005010,2024-01-13,2024-W02,14.0,14.0,0.0,27.86
STR_E02,1200080994,2024-01-13,2024-W02,19.0,19.0,0.0,151.81
STR_E02,2840016014,2024-01-13,2024-W02,9.0,9.0,0.0,44.910000000000004
STR_E02,4900005010,2024-01-13,2024-W02,20.0,20.0,0.0,39.8
STR_W01,1200080994,2024-01-13,2024-W02,19.0,19.0,0.0,151.81
STR_W01,2840016014,2024-01-13,2024-W02,10.0,10.0,0.0,49.900000000000006
STR_W01,4900005010,2024-01-13,2024-W02,13.0,13.0,0.0,25.87
STR_E01,1200080994,2024-01-14,2024-W02,19.0,19.0,0.0,151.81
STR_E01,2840016014,2024-01-14,2024-W02,12.0,12.0,0.0,59.88
STR_E01,4900005010,2024-01-14,2024-W02,20.0,20.0,0.0,39.8
STR_E02,1200080994,2024-01-14,2024-W02,18.0,18.0,0.0,143.82
STR_E02,2840016014,2024-01-14,2024-W02,11.0,11.0,0.0,54.89
STR_E02,4900005010,2024-01-14,2024-W02,12.0,12.0,0.0,23.88
STR_W01,1200080994,2024-01-14,2024-W02,19.0,19.0,0.0,151.81
STR_W01,2840016014,2024-01-14,2024-W02,9.0,9.0,0.0,44.910000000000004
STR_W01,4900005010,2024-01-14,2024-W02,12.0,12.0,0.0,23.88
STR_E01,1200080994,2024-01-15,2024-W03,15.0,15.0,0.0,119.85000000000001
STR_E01,2840016014,2024-01-15,2024-W03,12.0,12.0,0.0,59.88
STR_E01,4900005010,2024-01-15,2024-W03,12.0,12.0,0.0,23.88
STR_E02,1200080994,2024-01-15,2024-W03,17.0,17.0,0.0,135.83
STR_E02,2840016014,2024-01-15,2024-W03,9.0,9.0,0.0,44.910000000000004
STR_E02,4900005010,2024-01-15,2024-W03,13.0,13.0,0.0,25.87
STR_W01,1200080994,2024-01-15,2024-W03,19.0,19.0,0.0,151.81
STR_W01,2840016014,2024-01-15,2024-W03,9.0,9.0,0.0,44.910000000000004
STR_W01,4900005010,2024-01-15,2024-W03,15.0,15.0,0.0,29.85
STR_E01,1200080994,2024-01-16,2024-W03,18.0,18.0,0.0,143.82
STR_E01,2840016014,2024-01-16,2024-W03,11.0,11.0,0.0,54.89
STR_E01,4900005010,2024-01-16,2024-W03,15.0,15.0,0.0,29.85
STR_E02,1200080994,2024-01-16,2024-W03,18.0,18.0,0.0,143.82
STR_E02,2840016014,2024-01-16,2024-W03,12.0,12.0,0.0,59.88
STR_E02,4900005010,2024-01-16,2024-W03,20.0,20.0,0.0,39.8
STR_W01,1200080994,2024-01-16,2024-W03,18.0,18.0,0.0,143.82
STR_W01,2840016014,2024-01-16,2024-W03,11.0,11.0,0.0,54.89
STR_W01,4900005010,2024-01-16,2024-W03,19.0,19.0,0.0,37.81
STR_E01,1200080994,2024-01-17,2024-W03,16.0,16.0,0.0,127.84
STR_E01,2840016014,2024-01-17,2024-W03,10.0,10.0,0.0,49.900000000000006
STR_E01,4900005010,2024-01-17,2024-W03,18.0,18.0,0.0,35.82
STR_E02,1200080994,2024-01-17,2024-W03,24.0,24.0,0.0,191.76
STR_E02,2840016014,2024-01-17,2024-W03,10.0,10.0,0.0,49.900000000000006
STR_E02,4900005010,2024-01-17,2024-W03,12.0,12.0,0.0,23.88
STR_W01,1200080994,2024-01-17,2024-W03,19.0,19.0,0.0,151.81
STR_W01,2840016014,2024-01-17,2024-W03,12.0,12.0,0.0,59.88
STR_W01,4900005010,2024-01-17,2024-W03,13.0,13.0,0.0,25.87
STR_E01,1200080994,2024-01-18,2024-W03,15.0,15.0,0.0,119.85000000000001
STR_E01,2840016014,2024-01-18,2024-W03,9.0,9.0,0.0,44.910000000000004
STR_E01,4900005010,2024-01-18,2024-W03,14.0,14.0,0.0,27.86
STR_E02,1200080994,2024-01-18,2024-W03,15.0,15.0,0.0,119.85000000000001
STR_E02,2840016014,2024-01-18,2024-W03,13.0,13.0,0.0,64.87
STR_E02,4900005010,2024-01-18,2024-W03,14.0,14.0,0.0,27.86
STR_W01,1200080994,2024-01-18,2024-W03,22.0,22.0,0.0,175.78
STR_W01,2840016014,2024-01-18,2024-W03,10.0,10.0,0.0,49.900000000000006
STR_W01,4900005010,2024-01-18,2024-W03,11.0,11.0,0.0,21.89
STR_E01,1200080994,2024-01-19,2024-W03,15.0,15.0,0.0,119.85000000000001
STR_E01,2840016014,2024-01-19,2024-W03,12.0,12.0,0.0,59.88
STR_E01,4900005010,2024-01-19,2024-W03,18.0,18.0,0.0,35.82
STR_E02,1200080994,2024-01-19,2024-W03,14.0,14.0,0.0,111.86
STR_E02,2840016014,2024-01-19,2024-W03,11.0,11.0,0.0,54.89
STR_E02,4900005010,2024-01-19,2024-W03,15.0,15.0,0.0,29.85
STR_W01,1200080994,2024-01-19,2024-W03,15.0,15.0,0.0,119.85000000000001
STR_W01,2840016014,2024-01-19,2024-W03,8.0,8.0,0.0,39.92
STR_W01,4900005010,2024-01-19,2024-W03,16.0,16.0,0.0,31.84
STR_E01,1200080994,2024-01-20,2024-W03,16.0,16.0,0.0,127.84
STR_E01,2840016014,2024-01-20,2024-W03,13.0,13.0,0.0,64.87
STR_E01,4900005010,2024-01-20,2024-W03,13.0,13.0,0.0,25.87
STR_E02,1200080994,2024-01-20,2024-W03,23.0,23.0,0.0,183.77
STR_E02,2840016014,2024-01-20,2024-W03,13.0,13.0,0.0,64.87
STR_E02,4900005010,2024-01-20,2024-W03,12.0,12.0,0.0,23.88
STR_W01,1200080994,2024-01-20,2024-W03,14.0,14.0,0.0,111.86
STR_W01,2840016014,2024-01-20,2024-W03,11.0,11.0,0.0,54.89
STR_W01,4900005010,2024-01-20,2024-W03,14.0,14.0,0.0,27.86
STR_E01,1200080994,2024-01-21,2024-W03,15.0,15.0,0.0,119.85000000000001
STR_E01,2840016014,2024-01-21,2024-W03,11.0,11.0,0.0,54.89
STR_E01,4900005010,2024-01-21,2024-W03,13.0,13.0,0.0,25.87
STR_E02,1200080994,2024-01-21,2024-W03,18.0,18.0,0.0,143.82
STR_E02,2840016014,2024-01-21,2024-W03,11.0,11.0,0.0,54.89
STR_E02,4900005010,2024-01-21,2024-W03,13.0,13.0,0.0,25.87
STR_W01,1200080994,2024-01-21,2024-W03,19.0,19.0,0.0,151.81
STR_W01,2840016014,2024-01-21,2024-W03,12.0,12.0,0.0,59.88
STR_W01,4900005010,2024-01-21,2024-W03,12.0,12.0,0.0,23.88
STR_E01,1200080994,2024-01-22,2024-W04,19.0,19.0,0.0,151.81
STR_E01,2840016014,2024-01-22,2024-W04,12.0,12.0,0.0,59.88
STR_E01,4900005010,2024-01-22,2024-W04,17.0,17.0,0.0,33.83
STR_E02,1200080994,2024-01-22,2024-W04,17.0,17.0,0.0,135.83
STR_E02,2840016014,2024-01-22,2024-W04,10.0,10.0,0.0,49.900000000000006
STR_E02,4900005010,2024-01-22,2024-W04,15.0,15.0,0.0,29.85
STR_W01,1200080994,2024-01-22,2024-W04,14.0,14.0,0.0,111.86
STR_W01,2840016014,2024-01-22,2024-W04,15.0,15.0,0.0,74.85000000000001
STR_W01,4900005010,2024-01-22,2024-W04,16.0,16.0,0.0,31.84
STR_E01,1200080994,2024-01-23,2024-W04,16.0,16.0,0.0,127.84
STR_E01,2840016014,2024-01-23,2024-W04,10.0,10.0,0.0,49.900000000000006
STR_E01,4900005010,2024-01-23,2024-W04,13.0,13.0,0.0,25.87
STR_E02,1200080994,2024-01-23,2024-W04,21.0,21.0,0.0,167.79
STR_E02,2840016014,2024-01-23,2024-W04,8.0,8.0,0.0,39.92
STR_E02,4900005010,2024-01-23,2024-W04,15.0,15.0,0.0,29.85
STR_W01,1200080994,2024-01-23,2024-W04,17.0,17.0,0.0,135.83
STR_W01,2840016014,2024-01-23,2024-W04,9.0,9.0,0.0,44.910000000000004
STR_W01,4900005010,2024-01-23,2024-W04,14.0,14.0,0.0,27.86
STR_E01,1200080994,2024-01-24,2024-W04,14.0,14.0,0.0,111.86
STR_E01,2840016014,2024-01-24,2024-W04,9.0,9.0,0.0,44.910000000000004
STR_E01,4900005010,2024-01-24,2024-W04,14.0,14.0,0.0,27.86
STR_E02,1200080994,2024-01-24,2024-W04,22.0,22.0,0.0,175.78
STR_E02,2840016014,2024-01-24,2024-W04,9.0,9.0,0.0,44.910000000000004
STR_E02,4900005010,2024-01-24,2024-W04,12.0,12.0,0.0,23.88
STR_W01,1200080994,2024-01-24,2024-W04,16.0,16.0,0.0,127.84
STR_W01,2840016014,2024-01-24,2024-W04,14.0,14.0,0.0,69.86
STR_W01,4900005010,2024-01-24,2024-W04,14.0,14.0,0.0,27.86
STR_E01,1200080994,2024-01-25,2024-W04,18.0,18.0,0.0,143.82
STR_E01,2840016014,2024-01-25,2024-W04,9.0,9.0,0.0,44.910000000000004
STR_E01,4900005010,2024-01-25,2024-W04,13.0,13.0,0.0,25.87
STR_E02,1200080994,2024-01-25,2024-W04,16.0,16.0,0.0,127.84
STR_E02,2840016014,2024-01-25,2024-W04,9.0,9.0,0.0,44.910000000000004
STR_E02,4900005010,2024-01-25,2024-W04,15.0,15.0,0.0,29.85
STR_W01,1200080994,2024-01-25,2024-W04,21.0,21.0,0.0,167.79
STR_W01,2840016014,2024-01-25,2024-W04,11.0,11.0,0.0,54.89
STR_W01,4900005010,2024-01-25,2024-W04,11.0,11.0,0.0,21.89
STR_E01,1200080994,2024-01-26,2024-W04,16.0,16.0,0.0,127.84
STR_E01,2840016014,2024-01-26,2024-W04,11.0,11.0,0.0,54.89
STR_E01,4900005010,2024-01-26,2024-W04,16.0,16.0,0.0,31.84
STR_E02,1200080994,2024-01-26,2024-W04,20.0,20.0,0.0,159.8
STR_E02,2840016014,2024-01-26,2024-W04,9.0,9.0,0.0,44.910000000000004
STR_E02,4900005010,2024-01-26,2024-W04,11.0,11.0,0.0,21.89
STR_W01,1200080994,2024-01-26,2024-W04,18.0,18.0,0.0,143.82
STR_W01,2840016014,2024-01-26,2024-W04,10.0,10.0,0.0,49.900000000000006
STR_W01,4900005010,2024-01-26,2024-W04,14.0,14.0,0.0,27.86
STR_E01,1200080994,2024-01-27,2024-W04,22.0,22.0,0.0,175.78
STR_E01,2840016014,2024-01-27,2024-W04,12.0,12.0,0.0,59.88
STR_E01,4900005010,2024-01-27,2024-W04,14.0,14.0,0.0,27.86
STR_E02,1200080994,2024-01-27,2024-W04,16.0,16.0,0.0,127.84
STR_E02,2840016014,2024-01-27,2024-W04,9.0,9.0,0.0,44.910000000000004
STR_E02,4900005010,2024-01-27,2024-W04,14.0,14.0,0.0,27.86
STR_W01,1200080994,2024-01-27,2024-W04,21.0,21.0,0.0,167.79
STR_W01,2840016014,2024-01-27,2024-W04,10.0,10.0,0.0,49.900000000000006
STR_W01,4900005010,2024-01-27,2024-W04,13.0,13.0,0.0,25.87
STR_E01,1200080994,2024-01-28,2024-W04,76.0,76.0,0.0,607.24
STR_E01,2840016014,2024-01-28,2024-W04,29.0,29.0,0.0,144.71
STR_E01,4900005010,2024-01-28,2024-W04,36.0,36.0,0.0,71.64
STR_E02,1200080994,2024-01-28,2024-W04,78.0,78.0,0.0,623.22
STR_E02,2840016014,2024-01-28,2024-W04,21.0,21.0,0.0,104.79
STR_E02,4900005010,2024-01-28,2024-W04,53.0,53.0,0.0,105.47
STR_W01,1200080994,2024-01-28,2024-W04,77.0,77.0,0.0,615.23
STR_W01,2840016014,2024-01-28,2024-W04,25.0,25.0,0.0,124.75
STR_W01,4900005010,2024-01-28,2024-W04,51.0,51.0,0.0,101.49
STR_E01,1200080994,2024-01-29,2024-W05,70.0,70.0,0.0,559.3000000000001
STR_E01,2840016014,2024-01-29,2024-W05,18.0,18.0,0.0,89.82000000000001
STR_E01,4900005010,2024-01-29,2024-W05,45.0,45.0,0.0,89.55
STR_E02,1200080994,2024-01-29,2024-W05,67.0,67.0,0.0,535.33
STR_E02,2840016014,2024-01-29,2024-W05,29.0,29.0,0.0,144.71
STR_E02,4900005010,2024-01-29,2024-W05,52.0,52.0,0.0,103.48
STR_W01,1200080994,2024-01-29,2024-W05,69.0,69.0,0.0,551.3100000000001
STR_W01,2840016014,2024-01-29,2024-W05,21.0,21.0,0.0,104.79
STR_W01,4900005010,2024-01-29,2024-W05,43.0,43.0,0.0,85.57
STR_E01,1200080994,2024-01-30,2024-W05,71.0,71.0,0.0,567.29
STR_E01,2840016014,2024-01-30,2024-W05,30.0,30.0,0.0,149.70000000000002
STR_E01,4900005010,2024-01-30,2024-W05,42.0,42.0,0.0,83.58
STR_E02,1200080994,2024-01-30,2024-W05,78.0,78.0,0.0,623.22
STR_E02,2840016014,2024-01-30,2024-W05,26.0,26.0,0.0,129.74
STR_E02,4900005010,2024-01-30,2024-W05,50.0,50.0,0.0,99.5
STR_W01,1200080994,2024-01-30,2024-W05,66.0,66.0,0.0,527.34
STR_W01,2840016014,2024-01-30,2024-W05,22.0,22.0,0.0,109.78
STR_W01,4900005010,2024-01-30,2024-W05,47.0,47.0,0.0,93.53
STR_E01,1200080994,2024-01-31,2024-W05,61.0,61.0,0.0,487.39
STR_E01,2840016014,2024-01-31,2024-W05,24.0,24.0,0.0,119.76
STR_E01,4900005010,2024-01-31,2024-W05,40.0,40.0,0.0,79.6
STR_E02,1200080994,2024-01-31,2024-W05,65.0,65.0,0.0,519.35
STR_E02,2840016014,2024-01-31,2024-W05,26.0,26.0,0.0,129.74
STR_E02,4900005010,2024-01-31,2024-W05,48.0,48.0,0.0,95.52
STR_W01,1200080994,2024-01-31,2024-W05,63.0,63.0,0.0,503.37
STR_W01,2840016014,2024-01-31,2024-W05,24.0,24.0,0.0,119.76
STR_W01,4900005010,2024-01-31,2024-W05,42.0,42.0,0.0,83.58
STR_E01,1200080994,2024-02-01,2024-W05,60.0,60.0,0.0,479.40000000000003
STR_E01,2840016014,2024-02-01,2024-W05,23.0,23.0,0.0,114.77000000000001
STR_E01,4900005010,2024-02-01,2024-W05,52.0,52.0,0.0,103.48
STR_E02,1200080994,2024-02-01,2024-W05,82.0,82.0,0.0,655.1800000000001
STR_E02,2840016014,2024-02-01,2024-W05,26.0,26.0,0.0,129.74
STR_E02,4900005010,2024-02-01,2024-W05,39.0,39.0,0.0,77.61
STR_W01,1200080994,2024-02-01,2024-W05,82.0,82.0,0.0,655.1800000000001
STR_W01,2840016014,2024-02-01,2024-W05,19.0,19.0,0.0,94.81
STR_W01,4900005010,2024-02-01,2024-W05,54.0,54.0,0.0,107.46
STR_E01,1200080994,2024-02-02,2024-W05,73.0,73.0,0.0,583.27
STR_E01,2840016014,2024-02-02,2024-W05,33.0,33.0,0.0,164.67000000000002
STR_E01,4900005010,2024-02-02,2024-W05,49.0,49.0,0.0,97.51
STR_E02,1200080994,2024-02-02,2024-W05,75.0,75.0,0.0,599.25
STR_E02,2840016014,2024-02-02,2024-W05,26.0,26.0,0.0,129.74
STR_E02,4900005010,2024-02-02,2024-W05,41.0,41.0,0.0,81.59
STR_W01,1200080994,2024-02-02,2024-W05,64.0,64.0,0.0,511.36
STR_W01,2840016014,2024-02-02,2024-W05,30.0,30.0,0.0,149.70000000000002
STR_W01,4900005010,2024-02-02,2024-W05,57.0,57.0,0.0,113.42999999999999
STR_E01,1200080994,2024-02-03,2024-W05,60.0,60.0,0.0,479.40000000000003
STR_E01,2840016014,2024-02-03,2024-W05,26.0,22.0,4.0,109.78
STR_E01,4900005010,2024-02-03,2024-W05,45.0,45.0,0.0,89.55
STR_E02,1200080994,2024-02-03,2024-W05,78.0,78.0,0.0,623.22
STR_E02,2840016014,2024-02-03,2024-W05,28.0,28.0,0.0,139.72
STR_E02,4900005010,2024-02-03,2024-W05,54.0,54.0,0.0,107.46
STR_W01,1200080994,2024-02-03,2024-W05,63.0,63.0,0.0,503.37
STR_W01,2840016014,2024-02-03,2024-W05,22.0,22.0,0.0,109.78
STR_W01,4900005010,2024-02-03,2024-W05,48.0,48.0,0.0,95.52
STR_E01,1200080994,2024-02-04,2024-W05,55.0,55.0,0.0,439.45
STR_E01,2840016014,2024-02-04,2024-W05,26.0,0.0,26.0,0.0
STR_E01,4900005010,2024-02-04,2024-W05,38.0,38.0,0.0,75.62
STR_E02,1200080994,2024-02-04,2024-W05,59.0,59.0,0.0,471.41
STR_E02,2840016014,2024-02-04,2024-W05,23.0,8.0,15.0,39.92
STR_E02,4900005010,2024-02-04,2024-W05,40.0,40.0,0.0,79.6
STR_W01,1200080994,2024-02-04,2024-W05,56.0,56.0,0.0,447.44
STR_W01,2840016014,2024-02-04,2024-W05,24.0,7.0,17.0,34.93
STR_W01,4900005010,2024-02-04,2024-W05,40.0,40.0,0.0,79.6
STR_E01,1200080994,2024-02-05,2024-W06,54.0,54.0,0.0,431.46000000000004
STR_E01,2840016014,2024-02-05,2024-W06,15.0,0.0,15.0,0.0
STR_E01,4900005010,2024-02-05,2024-W06,26.0,26.0,0.0,51.74
STR_E02,1200080994,2024-02-05,2024-W06,61.0,14.0,47.0,111.86
STR_E02,2840016014,2024-02-05,2024-W06,19.0,0.0,19.0,0.0
STR_E02,4900005010,2024-02-05,2024-W06,31.0,31.0,0.0,61.69
STR_W01,1200080994,2024-02-05,2024-W06,48.0,48.0,0.0,383.52
STR_W01,2840016014,2024-02-05,2024-W06,21.0,0.0,21.0,0.0
STR_W01,4900005010,2024-02-05,2024-W06,31.0,31.0,0.0,61.69
STR_E01,1200080994,2024-02-06,2024-W06,36.0,36.0,0.0,287.64
STR_E01,2840016014,2024-02-06,2024-W06,14.0,14.0,0.0,69.86
STR_E01,4900005010,2024-02-06,2024-W06,37.0,37.0,0.0,73.63
STR_E02,1200080994,2024-02-06,2024-W06,40.0,40.0,0.0,319.6
STR_E02,2840016014,2024-02-06,2024-W06,12.0,12.0,0.0,59.88
STR_E02,4900005010,2024-02-06,2024-W06,33.0,33.0,0.0,65.67
STR_W01,1200080994,2024-02-06,2024-W06,46.0,46.0,0.0,367.54
STR_W01,2840016014,2024-02-06,2024-W06,13.0,13.0,0.0,64.87
STR_W01,4900005010,2024-02-06,2024-W06,35.0,35.0,0.0,69.65
STR_E01,1200080994,2024-02-07,2024-W06,33.0,33.0,0.0,263.67
STR_E01,2840016014,2024-02-07,2024-W06,14.0,14.0,0.0,69.86
STR_E01,4900005010,2024-02-07,2024-W06,21.0,21.0,0.0,41.79
STR_E02,1200080994,2024-02-07,2024-W06,32.0,32.0,0.0,255.68
STR_E02,2840016014,2024-02-07,2024-W06,10.0,10.0,0.0,49.900000000000006
STR_E02,4900005010,2024-02-07,2024-W06,17.0,17.0,0.0,33.83
STR_W01,1200080994,2024-02-07,2024-W06,33.0,33.0,0.0,263.67
STR_W01,2840016014,2024-02-07,2024-W06,9.0,9.0,0.0,44.910000000000004
STR_W01,4900005010,2024-02-07,2024-W06,28.0,28.0,0.0,55.72
STR_E01,1200080994,2024-02-08,2024-W06,23.0,23.0,0.0,183.77
STR_E01,2840016014,2024-02-08,2024-W06,10.0,10.0,0.0,49.900000000000006
STR_E01,4900005010,2024-02-08,2024-W06,11.0,11.0,0.0,21.89
STR_E02,1200080994,2024-02-08,2024-W06,21.0,21.0,0.0,167.79
STR_E02,2840016014,2024-02-08,2024-W06,13.0,13.0,0.0,64.87
STR_E02,4900005010,2024-02-08,2024-W06,15.0,15.0,0.0,29.85
STR_W01,1200080994,2024-02-08,2024-W06,24.0,24.0,0.0,191.76
STR_W01,2840016014,2024-02-08,2024-W06,8.0,8.0,0.0,39.92
STR_W01,4900005010,2024-02-08,2024-W06,17.0,17.0,0.0,33.83
STR_E01,1200080994,2024-02-09,2024-W06,19.0,19.0,0.0,151.81
STR_E01,2840016014,2024-02-09,2024-W06,13.0,13.0,0.0,64.87
STR_E01,4900005010,2024-02-09,2024-W06,16.0,16.0,0.0,31.84
STR_E02,1200080994,2024-02-09,2024-W06,16.0,16.0,0.0,127.84
STR_E02,2840016014,2024-02-09,2024-W06,13.0,13.0,0.0,64.87
STR_E02,4900005010,2024-02-09,2024-W06,14.0,14.0,0.0,27.86
STR_W01,1200080994,2024-02-09,2024-W06,18.0,18.0,0.0,143.82
STR_W01,2840016014,2024-02-09,2024-W06,9.0,9.0,0.0,44.910000000000004
STR_W01,4900005010,2024-02-09,2024-W06,17.0,17.0,0.0,33.83
STR_E01,1200080994,2024-02-10,2024-W06,23.0,23.0,0.0,183.77
STR_E01,2840016014,2024-02-10,2024-W06,12.0,12.0,0.0,59.88
STR_E01,4900005010,2024-02-10,2024-W06,12.0,12.0,0.0,23.88
STR_E02,1200080994,2024-02-10,2024-W06,16.0,16.0,0.0,127.84
STR_E02,2840016014,2024-02-10,2024-W06,10.0,10.0,0.0,49.900000000000006
STR_E02,4900005010,2024-02-10,2024-W06,14.0,14.0,0.0,27.86
STR_W01,1200080994,2024-02-10,2024-W06,22.0,22.0,0.0,175.78
STR_W01,2840016014,2024-02-10,2024-W06,8.0,8.0,0.0,39.92
STR_W01,4900005010,2024-02-10,2024-W06,14.0,14.0,0.0,27.86
STR_E01,1200080994,2024-02-11,2024-W06,14.0,14.0,0.0,111.86
STR_E01,2840016014,2024-02-11,2024-W06,11.0,11.0,0.0,54.89
STR_E01,4900005010,2024-02-11,2024-W06,13.0,13.0,0.0,25.87
STR_E02,1200080994,2024-02-11,2024-W06,21.0,21.0,0.0,167.79
STR_E02,2840016014,2024-02-11,2024-W06,10.0,10.0,0.0,49.900000000000006
STR_E02,4900005010,2024-02-11,2024-W06,14.0,14.0,0.0,27.86
STR_W01,1200080994,2024-02-11,2024-W06,20.0,20.0,0.0,159.8
STR_W01,2840016014,2024-02-11,2024-W06,12.0,12.0,0.0,59.88
STR_W01,4900005010,2024-02-11,2024-W06,12.0,12.0,0.0,23.88
STR_E01,1200080994,2024-02-12,2024-W07,14.0,14.0,0.0,111.86
STR_E01,2840016014,2024-02-12,2024-W07,9.0,9.0,0.0,44.910000000000004
STR_E01,4900005010,2024-02-12,2024-W07,12.0,12.0,0.0,23.88
STR_E02,1200080994,2024-02-12,2024-W07,16.0,16.0,0.0,127.84
STR_E02,2840016014,2024-02-12,2024-W07,11.0,11.0,0.0,54.89
STR_E02,4900005010,2024-02-12,2024-W07,16.0,16.0,0.0,31.84
STR_W01,1200080994,2024-02-12,2024-W07,18.0,18.0,0.0,143.82
STR_W01,2840016014,2024-02-12,2024-W07,9.0,9.0,0.0,44.910000000000004
STR_W01,4900005010,2024-02-12,2024-W07,14.0,14.0,0.0,27.86
STR_E01,1200080994,2024-02-13,2024-W07,21.0,21.0,0.0,167.79
STR_E01,2840016014,2024-02-13,2024-W07,13.0,13.0,0.0,64.87
STR_E01,4900005010,2024-02-13,2024-W07,12.0,12.0,0.0,23.88
STR_E02,1200080994,2024-02-13,2024-W07,22.0,22.0,0.0,175.78
STR_E02,2840016014,2024-02-13,2024-W07,15.0,15.0,0.0,74.85000000000001
STR_E02,4900005010,2024-02-13,2024-W07,15.0,15.0,0.0,29.85
STR_W01,1200080994,2024-02-13,2024-W07,16.0,16.0,0.0,127.84
STR_W01,2840016014,2024-02-13,2024-W07,11.0,11.0,0.0,54.89
STR_W01,4900005010,2024-02-13,2024-W07,19.0,19.0,0.0,37.81
STR_E01,1200080994,2024-02-14,2024-W07,14.0,14.0,0.0,111.86
STR_E01,2840016014,2024-02-14,2024-W07,12.0,12.0,0.0,59.88
STR_E01,4900005010,2024-02-14,2024-W07,12.0,12.0,0.0,23.88
STR_E02,1200080994,2024-02-14,2024-W07,17.0,17.0,0.0,135.83
STR_E02,2840016014,2024-02-14,2024-W07,13.0,13.0,0.0,64.87
STR_E02,4900005010,2024-02-14,2024-W07,12.0,12.0,0.0,23.88
STR_W01,1200080994,2024-02-14,2024-W07,20.0,20.0,0.0,159.8
STR_W01,2840016014,2024-02-14,2024-W07,11.0,11.0,0.0,54.89
STR_W01,4900005010,2024-02-14,2024-W07,14.0,14.0,0.0,27.86
STR_E01,1200080994,2024-02-15,2024-W07,19.0,19.0,0.0,151.81
STR_E01,2840016014,2024-02-15,2024-W07,15.0,15.0,0.0,74.85000000000001
STR_E01,4900005010,2024-02-15,2024-W07,13.0,13.0,0.0,25.87
STR_E02,1200080994,2024-02-15,2024-W07,18.0,18.0,0.0,143.82
STR_E02,2840016014,2024-02-15,2024-W07,12.0,12.0,0.0,59.88
STR_E02,4900005010,2024-02-15,2024-W07,14.0,14.0,0.0,27.86
STR_W01,1200080994,2024-02-15,2024-W07,14.0,14.0,0.0,111.86
STR_W01,2840016014,2024-02-15,2024-W07,15.0,15.0,0.0,74.85000000000001
STR_W01,4900005010,2024-02-15,2024-W07,14.0,14.0,0.0,27.86
STR_E01,1200080994,2024-02-16,2024-W07,16.0,16.0,0.0,127.84
STR_E01,2840016014,2024-02-16,2024-W07,13.0,13.0,0.0,64.87
STR_E01,4900005010,2024-02-16,2024-W07,15.0,15.0,0.0,29.85
STR_E02,1200080994,2024-02-16,2024-W07,21.0,21.0,0.0,167.79
STR_E02,2840016014,2024-02-16,2024-W07,10.0,10.0,0.0,49.900000000000006
STR_E02,4900005010,2024-02-16,2024-W07,14.0,14.0,0.0,27.86
STR_W01,1200080994,2024-02-16,2024-W07,20.0,20.0,0.0,159.8
STR_W01,2840016014,2024-02-16,2024-W07,13.0,13.0,0.0,64.87
STR_W01,4900005010,2024-02-16,2024-W07,14.0,14.0,0.0,27.86
STR_E01,1200080994,2024-02-17,2024-W07,16.0,16.0,0.0,127.84
STR_E01,2840016014,2024-02-17,2024-W07,8.0,8.0,0.0,39.92
STR_E01,4900005010,2024-02-17,2024-W07,18.0,18.0,0.0,35.82
STR_E02,1200080994,2024-02-17,2024-W07,19.0,19.0,0.0,151.81
STR_E02,2840016014,2024-02-17,2024-W07,8.0,8.0,0.0,39.92
STR_E02,4900005010,2024-02-17,2024-W07,13.0,13.0,0.0,25.87
STR_W01,1200080994,2024-02-17,2024-W07,20.0,20.0,0.0,159.8
STR_W01,2840016014,2024-02-17,2024-W07,11.0,11.0,0.0,54.89
STR_W01,4900005010,2024-02-17,2024-W07,12.0,12.0,0.0,23.88
STR_E01,1200080994,2024-02-18,2024-W07,23.0,23.0,0.0,183.77
STR_E01,2840016014,2024-02-18,2024-W07,9.0,9.0,0.0,44.910000000000004
STR_E01,4900005010,2024-02-18,2024-W07,12.0,12.0,0.0,23.88
STR_E02,1200080994,2024-02-18,2024-W07,16.0,16.0,0.0,127.84
STR_E02,2840016014,2024-02-18,2024-W07,9.0,9.0,0.0,44.910000000000004
STR_E02,4900005010,2024-02-18,2024-W07,12.0,12.0,0.0,23.88
STR_W01,1200080994,2024-02-18,2024-W07,18.0,18.0,0.0,143.82
STR_W01,2840016014,2024-02-18,2024-W07,10.0,10.0,0.0,49.900000000000006
STR_W01,4900005010,2024-02-18,2024-W07,17.0,17.0,0.0,33.83
STR_E01,1200080994,2024-02-19,2024-W08,18.0,18.0,0.0,143.82
STR_E01,2840016014,2024-02-19,2024-W08,10.0,10.0,0.0,49.900000000000006
STR_E01,4900005010,2024-02-19,2024-W08,16.0,16.0,0.0,31.84
STR_E02,1200080994,2024-02-19,2024-W08,20.0,20.0,0.0,159.8
STR_E02,2840016014,2024-02-19,2024-W08,11.0,11.0,0.0,54.89
STR_E02,4900005010,2024-02-19,2024-W08,14.0,14.0,0.0,27.86
STR_W01,1200080994,2024-02-19,2024-W08,16.0,16.0,0.0,127.84
STR_W01,2840016014,2024-02-19,2024-W08,10.0,10.0,0.0,49.900000000000006
STR_W01,4900005010,2024-02-19,2024-W08,14.0,14.0,0.0,27.86
STR_E01,1200080994,2024-02-20,2024-W08,12.0,12.0,0.0,95.88
STR_E01,2840016014,2024-02-20,2024-W08,10.0,10.0,0.0,49.900000000000006
STR_E01,4900005010,2024-02-20,2024-W08,9.0,9.0,0.0,17.91
STR_E02,1200080994,2024-02-20,2024-W08,16.0,16.0,0.0,127.84
STR_E02,2840016014,2024-02-20,2024-W08,12.0,12.0,0.0,59.88
STR_E02,4900005010,2024-02-20,2024-W08,12.0,12.0,0.0,23.88
STR_W01,1200080994,2024-02-20,2024-W08,16.0,16.0,0.0,127.84
STR_W01,2840016014,2024-02-20,2024-W08,12.0,12.0,0.0,59.88
STR_W01,4900005010,2024-02-20,2024-W08,15.0,15.0,0.0,29.85
STR_E01,1200080994,2024-02-21,2024-W08,21.0,21.0,0.0,167.79
STR_E01,2840016014,2024-02-21,2024-W08,14.0,14.0,0.0,69.86
STR_E01,4900005010,2024-02-21,2024-W08,16.0,16.0,0.0,31.84
STR_E02,1200080994,2024-02-21,2024-W08,17.0,17.0,0.0,135.83
STR_E02,2840016014,2024-02-21,2024-W08,12.0,12.0,0.0,59.88
STR_E02,4900005010,2024-02-21,2024-W08,14.0,14.0,0.0,27.86
STR_W01,1200080994,2024-02-21,2024-W08,16.0,16.0,0.0,127.84
STR_W01,2840016014,2024-02-21,2024-W08,8.0,8.0,0.0,39.92
STR_W01,4900005010,2024-02-21,2024-W08,13.0,13.0,0.0,25.87
STR_E01,1200080994,2024-02-22,2024-W08,20.0,20.0,0.0,159.8
STR_E01,2840016014,2024-02-22,2024-W08,9.0,9.0,0.0,44.910000000000004
STR_E01,4900005010,2024-02-22,2024-W08,13.0,13.0,0.0,25.87
STR_E02,1200080994,2024-02-22,2024-W08,16.0,16.0,0.0,127.84
STR_E02,2840016014,2024-02-22,2024-W08,14.0,14.0,0.0,69.86
STR_E02,4900005010,2024-02-22,2024-W08,15.0,15.0,0.0,29.85
STR_W01,1200080994,2024-02-22,2024-W08,19.0,19.0,0.0,151.81
STR_W01,2840016014,2024-02-22,2024-W08,10.0,10.0,0.0,49.900000000000006
STR_W01,4900005010,2024-02-22,2024-W08,16.0,16.0,0.0,31.84
STR_E01,1200080994,2024-02-23,2024-W08,17.0,17.0,0.0,135.83
STR_E01,2840016014,2024-02-23,2024-W08,14.0,14.0,0.0,69.86
STR_E01,4900005010,2024-02-23,2024-W08,13.0,13.0,0.0,25.87
STR_E02,1200080994,2024-02-23,2024-W08,19.0,19.0,0.0,151.81
STR_E02,2840016014,2024-02-23,2024-W08,9.0,9.0,0.0,44.910000000000004
STR_E02,4900005010,2024-02-23,2024-W08,14.0,14.0,0.0,27.86
STR_W01,1200080994,2024-02-23,2024-W08,17.0,17.0,0.0,135.83
STR_W01,2840016014,2024-02-23,2024-W08,11.0,11.0,0.0,54.89
STR_W01,4900005010,2024-02-23,2024-W08,13.0,13.0,0.0,25.87
STR_E01,1200080994,2024-02-24,2024-W08,15.0,15.0,0.0,119.85000000000001
STR_E01,2840016014,2024-02-24,2024-W08,13.0,13.0,0.0,64.87
STR_E01,4900005010,2024-02-24,2024-W08,15.0,15.0,0.0,29.85
STR_E02,1200080994,2024-02-24,2024-W08,17.0,17.0,0.0,135.83
STR_E02,2840016014,2024-02-24,2024-W08,9.0,9.0,0.0,44.910000000000004
STR_E02,4900005010,2024-02-24,2024-W08,13.0,13.0,0.0,25.87
STR_W01,1200080994,2024-02-24,2024-W08,15.0,15.0,0.0,119.85000000000001
STR_W01,2840016014,2024-02-24,2024-W08,9.0,9.0,0.0,44.910000000000004
STR_W01,4900005010,2024-02-24,2024-W08,15.0,15.0,0.0,29.85
STR_E01,1200080994,2024-02-25,2024-W08,17.0,17.0,0.0,135.83
STR_E01,2840016014,2024-02-25,2024-W08,10.0,10.0,0.0,49.900000000000006
STR_E01,4900005010,2024-02-25,2024-W08,16.0,16.0,0.0,31.84
STR_E02,1200080994,2024-02-25,2024-W08,19.0,19.0,0.0,151.81
STR_E02,2840016014,2024-02-25,2024-W08,10.0,10.0,0.0,49.900000000000006
STR_E02,4900005010,2024-02-25,2024-W08,11.0,11.0,0.0,21.89
STR_W01,1200080994,2024-02-25,2024-W08,21.0,21.0,0.0,167.79
STR_W01,2840016014,2024-02-25,2024-W08,12.0,12.0,0.0,59.88
STR_W01,4900005010,2024-02-25,2024-W08,16.0,16.0,0.0,31.84
STR_E01,1200080994,2024-02-26,2024-W09,16.0,16.0,0.0,127.84
STR_E01,2840016014,2024-02-26,2024-W09,11.0,11.0,0.0,54.89
STR_E01,4900005010,2024-02-26,2024-W09,14.0,14.0,0.0,27.86
STR_E02,1200080994,2024-02-26,2024-W09,17.0,17.0,0.0,135.83
STR_E02,2840016014,2024-02-26,2024-W09,13.0,13.0,0.0,64.87
STR_E02,4900005010,2024-02-26,2024-W09,13.0,13.0,0.0,25.87
STR_W01,1200080994,2024-02-26,2024-W09,20.0,20.0,0.0,159.8
STR_W01,2840016014,2024-02-26,2024-W09,9.0,9.0,0.0,44.910000000000004
STR_W01,4900005010,2024-02-26,2024-W09,17.0,17.0,0.0,33.83
STR_E01,1200080994,2024-02-27,2024-W09,19.0,19.0,0.0,151.81
STR_E01,2840016014,2024-02-27,2024-W09,10.0,10.0,0.0,49.900000000000006
STR_E01,4900005010,2024-02-27,2024-W09,17.0,17.0,0.0,33.83
STR_E02,1200080994,2024-02-27,2024-W09,21.0,21.0,0.0,167.79
STR_E02,2840016014,2024-02-27,2024-W09,10.0,10.0,0.0,49.900000000000006
STR_E02,4900005010,2024-02-27,2024-W09,14.0,14.0,0.0,27.86
STR_W01,1200080994,2024-02-27,2024-W09,21.0,21.0,0.0,167.79
STR_W01,2840016014,2024-02-27,2024-W09,14.0,14.0,0.0,69.86
STR_W01,4900005010,2024-02-27,2024-W09,15.0,15.0,0.0,29.85
STR_E01,1200080994,2024-02-28,2024-W09,16.0,16.0,0.0,127.84
STR_E01,2840016014,2024-02-28,2024-W09,11.0,11.0,0.0,54.89
STR_E01,4900005010,2024-02-28,2024-W09,18.0,18.0,0.0,35.82
STR_E02,1200080994,2024-02-28,2024-W09,20.0,20.0,0.0,159.8
STR_E02,2840016014,2024-02-28,2024-W09,13.0,13.0,0.0,64.87
STR_E02,4900005010,2024-02-28,2024-W09,13.0,13.0,0.0,25.87
STR_W01,1200080994,2024-02-28,2024-W09,18.0,18.0,0.0,143.82
STR_W01,2840016014,2024-02-28,2024-W09,11.0,11.0,0.0,54.89
STR_W01,4900005010,2024-02-28,2024-W09,14.0,14.0,0.0,27.86
STR_E01,1200080994,2024-02-29,2024-W09,17.0,17.0,0.0,135.83
STR_E01,2840016014,2024-02-29,2024-W09,12.0,12.0,0.0,59.88
STR_E01,4900005010,2024-02-29,2024-W09,12.0,12.0,0.0,23.88
STR_E02,1200080994,2024-02-29,2024-W09,25.0,25.0,0.0,199.75
STR_E02,2840016014,2024-02-29,2024-W09,14.0,14.0,0.0,69.86
STR_E02,4900005010,2024-02-29,2024-W09,13.0,13.0,0.0,25.87
STR_W01,1200080994,2024-02-29,2024-W09,20.0,20.0,0.0,159.8
STR_W01,2840016014,2024-02-29,2024-W09,12.0,12.0,0.0,59.88
STR_W01,4900005010,2024-02-29,2024-W09,14.0,14.0,0.0,27.86
STR_E01,1200080994,2024-03-01,2024-W09,21.0,21.0,0.0,167.79
STR_E01,2840016014,2024-03-01,2024-W09,12.0,12.0,0.0,59.88
STR_E01,4900005010,2024-03-01,2024-W09,15.0,15.0,0.0,29.85
STR_E02,1200080994,2024-03-01,2024-W09,25.0,25.0,0.0,199.75
STR_E02,2840016014,2024-03-01,2024-W09,13.0,13.0,0.0,64.87
STR_E02,4900005010,2024-03-01,2024-W09,13.0,13.0,0.0,25.87
STR_W01,1200080994,2024-03-01,2024-W09,19.0,19.0,0.0,151.81
STR_W01,2840016014,2024-03-01,2024-W09,11.0,11.0,0.0,54.89
STR_W01,4900005010,2024-03-01,2024-W09,16.0,16.0,0.0,31.84
STR_E01,1200080994,2024-03-02,2024-W09,22.0,22.0,0.0,175.78
STR_E01,2840016014,2024-03-02,2024-W09,15.0,15.0,0.0,74.85000000000001
STR_E01,4900005010,2024-03-02,2024-W09,14.0,14.0,0.0,27.86
STR_E02,1200080994,2024-03-02,2024-W09,18.0,18.0,0.0,143.82
STR_E02,2840016014,2024-03-02,2024-W09,10.0,10.0,0.0,49.900000000000006
STR_E02,4900005010,2024-03-02,2024-W09,16.0,16.0,0.0,31.84
STR_W01,1200080994,2024-03-02,2024-W09,17.0,17.0,0.0,135.83
STR_W01,2840016014,2024-03-02,2024-W09,13.0,13.0,0.0,64.87
STR_W01,4900005010,2024-03-02,2024-W09,13.0,13.0,0.0,25.87
STR_E01,1200080994,2024-03-03,2024-W09,21.0,21.0,0.0,167.79
STR_E01,2840016014,2024-03-03,2024-W09,10.0,10.0,0.0,49.900000000000006
STR_E01,4900005010,2024-03-03,2024-W09,17.0,17.0,0.0,33.83
STR_E02,1200080994,2024-03-03,2024-W09,22.0,22.0,0.0,175.78
STR_E02,2840016014,2024-03-03,2024-W09,12.0,12.0,0.0,59.88
STR_E02,4900005010,2024-03-03,2024-W09,14.0,14.0,0.0,27.86
STR_W01,1200080994,2024-03-03,2024-W09,16.0,16.0,0.0,127.84
STR_W01,2840016014,2024-03-03,2024-W09,13.0,13.0,0.0,64.87
STR_W01,4900005010,2024-03-03,2024-W09,13.0,13.0,0.0,25.87
STR_E01,1200080994,2024-03-04,2024-W10,19.0,19.0,0.0,151.81
STR_E01,2840016014,2024-03-04,2024-W10,12.0,12.0,0.0,59.88
STR_E01,4900005010,2024-03-04,2024-W10,17.0,17.0,0.0,33.83
STR_E02,1200080994,2024-03-04,2024-W10,18.0,18.0,0.0,143.82
STR_E02,2840016014,2024-03-04,2024-W10,12.0,12.0,0.0,59.88
STR_E02,4900005010,2024-03-04,2024-W10,12.0,12.0,0.0,23.88
STR_W01,1200080994,2024-03-04,2024-W10,24.0,24.0,0.0,191.76
STR_W01,2840016014,2024-03-04,2024-W10,8.0,8.0,0.0,39.92
STR_W01,4900005010,2024-03-04,2024-W10,17.0,17.0,0.0,33.83
STR_E01,1200080994,2024-03-05,2024-W10,22.0,22.0,0.0,175.78
STR_E01,2840016014,2024-03-05,2024-W10,10.0,10.0,0.0,49.900000000000006
STR_E01,4900005010,2024-03-05,2024-W10,19.0,19.0,0.0,37.81
STR_E02,1200080994,2024-03-05,2024-W10,21.0,21.0,0.0,167.79
STR_E02,2840016014,2024-03-05,2024-W10,10.0,10.0,0.0,49.900000000000006
STR_E02,4900005010,2024-03-05,2024-W10,15.0,15.0,0.0,29.85
STR_W01,1200080994,2024-03-05,2024-W10,17.0,17.0,0.0,135.83
STR_W01,2840016014,2024-03-05,2024-W10,10.0,10.0,0.0,49.900000000000006
STR_W01,4900005010,2024-03-05,2024-W10,13.0,13.0,0.0,25.87
STR_E01,1200080994,2024-03-06,2024-W10,20.0,20.0,0.0,159.8
STR_E01,2840016014,2024-03-06,2024-W10,14.0,14.0,0.0,69.86
STR_E01,4900005010,2024-03-06,2024-W10,11.0,11.0,0.0,21.89
STR_E02,1200080994,2024-03-06,2024-W10,20.0,20.0,0.0,159.8
STR_E02,2840016014,2024-03-06,2024-W10,11.0,11.0,0.0,54.89
STR_E02,4900005010,2024-03-06,2024-W10,14.0,14.0,0.0,27.86
STR_W01,1200080994,2024-03-06,2024-W10,18.0,18.0,0.0,143.82
STR_W01,2840016014,2024-03-06,2024-W10,9.0,9.0,0.0,44.910000000000004
STR_W01,4900005010,2024-03-06,2024-W10,12.0,12.0,0.0,23.88
STR_E01,1200080994,2024-03-07,2024-W10,29.0,29.0,0.0,231.71
STR_E01,2840016014,2024-03-07,2024-W10,14.0,14.0,0.0,69.86
STR_E01,4900005010,2024-03-07,2024-W10,12.0,12.0,0.0,23.88
STR_E02,1200080994,2024-03-07,2024-W10,18.0,18.0,0.0,143.82
STR_E02,2840016014,2024-03-07,2024-W10,9.0,9.0,0.0,44.910000000000004
STR_E02,4900005010,2024-03-07,2024-W10,13.0,13.0,0.0,25.87
STR_W01,1200080994,2024-03-07,2024-W10,23.0,23.0,0.0,183.77
STR_W01,2840016014,2024-03-07,2024-W10,11.0,11.0,0.0,54.89
STR_W01,4900005010,2024-03-07,2024-W10,11.0,11.0,0.0,21.89
STR_E01,1200080994,2024-03-08,2024-W10,22.0,22.0,0.0,175.78
STR_E01,2840016014,2024-03-08,2024-W10,11.0,11.0,0.0,54.89
STR_E01,4900005010,2024-03-08,2024-W10,14.0,14.0,0.0,27.86
STR_E02,1200080994,2024-03-08,2024-W10,18.0,18.0,0.0,143.82
STR_E02,2840016014,2024-03-08,2024-W10,10.0,10.0,0.0,49.900000000000006
STR_E02,4900005010,2024-03-08,2024-W10,18.0,18.0,0.0,35.82
STR_W01,1200080994,2024-03-08,2024-W10,15.0,15.0,0.0,119.85000000000001
STR_W01,2840016014,2024-03-08,2024-W10,12.0,12.0,0.0,59.88
STR_W01,4900005010,2024-03-08,2024-W10,16.0,16.0,0.0,31.84
STR_E01,1200080994,2024-03-09,2024-W10,20.0,20.0,0.0,159.8
STR_E01,2840016014,2024-03-09,2024-W10,14.0,14.0,0.0,69.86
STR_E01,4900005010,2024-03-09,2024-W10,13.0,13.0,0.0,25.87
STR_E02,1200080994,2024-03-09,2024-W10,16.0,16.0,0.0,127.84
STR_E02,2840016014,2024-03-09,2024-W10,14.0,14.0,0.0,69.86
STR_E02,4900005010,2024-03-09,2024-W10,16.0,16.0,0.0,31.84
STR_W01,1200080994,2024-03-09,2024-W10,20.0,20.0,0.0,159.8
STR_W01,2840016014,2024-03-09,2024-W10,11.0,11.0,0.0,54.89
STR_W01,4900005010,2024-03-09,2024-W10,17.0,17.0,0.0,33.83
STR_E01,1200080994,2024-03-10,2024-W10,18.0,18.0,0.0,143.82
STR_E01,2840016014,2024-03-10,2024-W10,14.0,14.0,0.0,69.86
STR_E01,4900005010,2024-03-10,2024-W10,16.0,16.0,0.0,31.84
STR_E02,1200080994,2024-03-10,2024-W10,16.0,16.0,0.0,127.84
STR_E02,2840016014,2024-03-10,2024-W10,9.0,9.0,0.0,44.910000000000004
STR_E02,4900005010,2024-03-10,2024-W10,16.0,16.0,0.0,31.84
STR_W01,1200080994,2024-03-10,2024-W10,20.0,20.0,0.0,159.8
STR_W01,2840016014,2024-03-10,2024-W10,10.0,10.0,0.0,49.900000000000006
STR_W01,4900005010,2024-03-10,2024-W10,14.0,14.0,0.0,27.86
STR_E01,1200080994,2024-03-11,2024-W11,16.0,16.0,0.0,127.84
STR_E01,2840016014,2024-03-11,2024-W11,14.0,14.0,0.0,69.86
STR_E01,4900005010,2024-03-11,2024-W11,16.0,16.0,0.0,31.84
STR_E02,1200080994,2024-03-11,2024-W11,18.0,18.0,0.0,143.82
STR_E02,2840016014,2024-03-11,2024-W11,11.0,11.0,0.0,54.89
STR_E02,4900005010,2024-03-11,2024-W11,18.0,18.0,0.0,35.82
STR_W01,1200080994,2024-03-11,2024-W11,21.0,21.0,0.0,167.79
STR_W01,2840016014,2024-03-11,2024-W11,10.0,10.0,0.0,49.900000000000006
STR_W01,4900005010,2024-03-11,2024-W11,13.0,13.0,0.0,25.87
STR_E01,1200080994,2024-03-12,2024-W11,24.0,24.0,0.0,191.76
STR_E01,2840016014,2024-03-12,2024-W11,13.0,13.0,0.0,64.87
STR_E01,4900005010,2024-03-12,2024-W11,14.0,14.0,0.0,27.86
STR_E02,1200080994,2024-03-12,2024-W11,20.0,20.0,0.0,159.8
STR_E02,2840016014,2024-03-12,2024-W11,10.0,10.0,0.0,49.900000000000006
STR_E02,4900005010,2024-03-12,2024-W11,14.0,14.0,0.0,27.86
STR_W01,1200080994,2024-03-12,2024-W11,19.0,19.0,0.0,151.81
STR_W01,2840016014,2024-03-12,2024-W11,12.0,12.0,0.0,59.88
STR_W01,4900005010,2024-03-12,2024-W11,13.0,13.0,0.0,25.87
STR_E01,1200080994,2024-03-13,2024-W11,17.0,17.0,0.0,135.83
STR_E01,2840016014,2024-03-13,2024-W11,12.0,12.0,0.0,59.88
STR_E01,4900005010,2024-03-13,2024-W11,16.0,16.0,0.0,31.84
STR_E02,1200080994,2024-03-13,2024-W11,25.0,25.0,0.0,199.75
STR_E02,2840016014,2024-03-13,2024-W11,10.0,10.0,0.0,49.900000000000006
STR_E02,4900005010,2024-03-13,2024-W11,16.0,16.0,0.0,31.84
STR_W01,1200080994,2024-03-13,2024-W11,17.0,17.0,0.0,135.83
STR_W01,2840016014,2024-03-13,2024-W11,12.0,12.0,0.0,59.88
STR_W01,4900005010,2024-03-13,2024-W11,15.0,15.0,0.0,29.85
STR_E01,1200080994,2024-03-14,2024-W11,22.0,22.0,0.0,175.78
STR_E01,2840016014,2024-03-14,2024-W11,9.0,9.0,0.0,44.910000000000004
STR_E01,4900005010,2024-03-14,2024-W11,13.0,13.0,0.0,25.87
STR_E02,1200080994,2024-03-14,2024-W11,20.0,20.0,0.0,159.8
STR_E02,2840016014,2024-03-14,2024-W11,11.0,11.0,0.0,54.89
STR_E02,4900005010,2024-03-14,2024-W11,15.0,15.0,0.0,29.85
STR_W01,1200080994,2024-03-14,2024-W11,21.0,21.0,0.0,167.79
STR_W01,2840016014,2024-03-14,2024-W11,15.0,15.0,0.0,74.85000000000001
STR_W01,4900005010,2024-03-14,2024-W11,15.0,15.0,0.0,29.85
STR_E01,1200080994,2024-03-15,2024-W11,17.0,17.0,0.0,135.83
STR_E01,2840016014,2024-03-15,2024-W11,12.0,12.0,0.0,59.88
STR_E01,4900005010,2024-03-15,2024-W11,14.0,14.0,0.0,27.86
STR_E02,1200080994,2024-03-15,2024-W11,20.0,20.0,0.0,159.8
STR_E02,2840016014,2024-03-15,2024-W11,13.0,13.0,0.0,64.87
STR_E02,4900005010,2024-03-15,2024-W11,13.0,13.0,0.0,25.87
STR_W01,1200080994,2024-03-15,2024-W11,13.0,13.0,0.0,103.87
STR_W01,2840016014,2024-03-15,2024-W11,11.0,11.0,0.0,54.89
STR_W01,4900005010,2024-03-15,2024-W11,15.0,15.0,0.0,29.85
STR_E01,1200080994,2024-03-16,2024-W11,19.0,19.0,0.0,151.81
STR_E01,2840016014,2024-03-16,2024-W11,12.0,12.0,0.0,59.88
STR_E01,4900005010,2024-03-16,2024-W11,13.0,13.0,0.0,25.87
STR_E02,1200080994,2024-03-16,2024-W11,16.0,16.0,0.0,127.84
STR_E02,2840016014,2024-03-16,2024-W11,11.0,11.0,0.0,54.89
STR_E02,4900005010,2024-03-16,2024-W11,13.0,13.0,0.0,25.87
STR_W01,1200080994,2024-03-16,2024-W11,17.0,17.0,0.0,135.83
STR_W01,2840016014,2024-03-16,2024-W11,12.0,12.0,0.0,59.88
STR_W01,4900005010,2024-03-16,2024-W11,12.0,12.0,0.0,23.88
STR_E01,1200080994,2024-03-17,2024-W11,18.0,18.0,0.0,143.82
STR_E01,2840016014,2024-03-17,2024-W11,11.0,11.0,0.0,54.89
STR_E01,4900005010,2024-03-17,2024-W11,21.0,21.0,0.0,41.79
STR_E02,1200080994,2024-03-17,2024-W11,23.0,23.0,0.0,183.77
STR_E02,2840016014,2024-03-17,2024-W11,11.0,11.0,0.0,54.89
STR_E02,4900005010,2024-03-17,2024-W11,17.0,17.0,0.0,33.83
STR_W01,1200080994,2024-03-17,2024-W11,20.0,20.0,0.0,159.8
STR_W01,2840016014,2024-03-17,2024-W11,12.0,12.0,0.0,59.88
STR_W01,4900005010,2024-03-17,2024-W11,14.0,14.0,0.0,27.86
STR_E01,1200080994,2024-03-18,2024-W12,17.0,17.0,0.0,135.83
STR_E01,2840016014,2024-03-18,2024-W12,10.0,10.0,0.0,49.900000000000006
STR_E01,4900005010,2024-03-18,2024-W12,12.0,12.0,0.0,23.88
STR_E02,1200080994,2024-03-18,2024-W12,15.0,15.0,0.0,119.85000000000001
STR_E02,2840016014,2024-03-18,2024-W12,11.0,11.0,0.0,54.89
STR_E02,4900005010,2024-03-18,2024-W12,14.0,14.0,0.0,27.86
STR_W01,1200080994,2024-03-18,2024-W12,23.0,23.0,0.0,183.77
STR_W01,2840016014,2024-03-18,2024-W12,10.0,10.0,0.0,49.900000000000006
STR_W01,4900005010,2024-03-18,2024-W12,18.0,18.0,0.0,35.82
STR_E01,1200080994,2024-03-19,2024-W12,17.0,17.0,0.0,135.83
STR_E01,2840016014,2024-03-19,2024-W12,11.0,11.0,0.0,54.89
STR_E01,4900005010,2024-03-19,2024-W12,17.0,17.0,0.0,33.83
STR_E02,1200080994,2024-03-19,2024-W12,18.0,18.0,0.0,143.82
STR_E02,2840016014,2024-03-19,2024-W12,11.0,11.0,0.0,54.89
STR_E02,4900005010,2024-03-19,2024-W12,16.0,16.0,0.0,31.84
STR_W01,1200080994,2024-03-19,2024-W12,23.0,23.0,0.0,183.77
STR_W01,2840016014,2024-03-19,2024-W12,11.0,11.0,0.0,54.89
STR_W01,4900005010,2024-03-19,2024-W12,15.0,15.0,0.0,29.85
STR_E01,1200080994,2024-03-20,2024-W12,18.0,18.0,0.0,143.82
STR_E01,2840016014,2024-03-20,2024-W12,11.0,11.0,0.0,54.89
STR_E01,4900005010,2024-03-20,2024-W12,16.0,16.0,0.0,31.84
STR_E02,1200080994,2024-03-20,2024-W12,21.0,21.0,0.0,167.79
STR_E02,2840016014,2024-03-20,2024-W12,10.0,10.0,0.0,49.900000000000006
STR_E02,4900005010,2024-03-20,2024-W12,18.0,18.0,0.0,35.82
STR_W01,1200080994,2024-03-20,2024-W12,17.0,17.0,0.0,135.83
STR_W01,2840016014,2024-03-20,2024-W12,11.0,11.0,0.0,54.89
STR_W01,4900005010,2024-03-20,2024-W12,14.0,14.0,0.0,27.86
STR_E01,1200080994,2024-03-21,2024-W12,15.0,15.0,0.0,119.85000000000001
STR_E01,2840016014,2024-03-21,2024-W12,10.0,10.0,0.0,49.900000000000006
STR_E01,4900005010,2024-03-21,2024-W12,16.0,16.0,0.0,31.84
STR_E02,1200080994,2024-03-21,2024-W12,19.0,19.0,0.0,151.81
STR_E02,2840016014,2024-03-21,2024-W12,13.0,13.0,0.0,64.87
STR_E02,4900005010,2024-03-21,2024-W12,18.0,18.0,0.0,35.82
STR_W01,1200080994,2024-03-21,2024-W12,21.0,21.0,0.0,167.79
STR_W01,2840016014,2024-03-21,2024-W12,9.0,9.0,0.0,44.910000000000004
STR_W01,4900005010,2024-03-21,2024-W12,11.0,11.0,0.0,21.89
STR_E01,1200080994,2024-03-22,2024-W12,16.0,16.0,0.0,127.84
STR_E01,2840016014,2024-03-22,2024-W12,11.0,11.0,0.0,54.89
STR_E01,4900005010,2024-03-22,2024-W12,18.0,18.0,0.0,35.82
STR_E02,1200080994,2024-03-22,2024-W12,19.0,19.0,0.0,151.81
STR_E02,2840016014,2024-03-22,2024-W12,12.0,12.0,0.0,59.88
STR_E02,4900005010,2024-03-22,2024-W12,12.0,12.0,0.0,23.88
STR_W01,1200080994,2024-03-22,2024-W12,21.0,21.0,0.0,167.79
STR_W01,2840016014,2024-03-22,2024-W12,12.0,12.0,0.0,59.88
STR_W01,4900005010,2024-03-22,2024-W12,13.0,13.0,0.0,25.87
STR_E01,1200080994,2024-03-23,2024-W12,18.0,18.0,0.0,143.82
STR_E01,2840016014,2024-03-23,2024-W12,11.0,11.0,0.0,54.89
STR_E01,4900005010,2024-03-23,2024-W12,14.0,14.0,0.0,27.86
STR_E02,1200080994,2024-03-23,2024-W12,18.0,18.0,0.0,143.82
STR_E02,2840016014,2024-03-23,2024-W12,13.0,13.0,0.0,64.87
STR_E02,4900005010,2024-03-23,2024-W12,13.0,13.0,0.0,25.87
STR_W01,1200080994,2024-03-23,2024-W12,15.0,15.0,0.0,119.85000000000001
STR_W01,2840016014,2024-03-23,2024-W12,10.0,10.0,0.0,49.900000000000006
STR_W01,4900005010,2024-03-23,2024-W12,16.0,16.0,0.0,31.84
STR_E01,1200080994,2024-03-24,2024-W12,13.0,13.0,0.0,103.87
STR_E01,2840016014,2024-03-24,2024-W12,14.0,14.0,0.0,69.86
STR_E01,4900005010,2024-03-24,2024-W12,16.0,16.0,0.0,31.84
STR_E02,1200080994,2024-03-24,2024-W12,24.0,24.0,0.0,191.76
STR_E02,2840016014,2024-03-24,2024-W12,11.0,11.0,0.0,54.89
STR_E02,4900005010,2024-03-24,2024-W12,11.0,11.0,0.0,21.89
STR_W01,1200080994,2024-03-24,2024-W12,17.0,17.0,0.0,135.83
STR_W01,2840016014,2024-03-24,2024-W12,14.0,14.0,0.0,69.86
STR_W01,4900005010,2024-03-24,2024-W12,16.0,16.0,0.0,31.84
STR_E01,1200080994,2024-03-25,2024-W13,77.0,77.0,0.0,615.23
STR_E01,2840016014,2024-03-25,2024-W13,23.0,23.0,0.0,114.77000000000001
STR_E01,4900005010,2024-03-25,2024-W13,46.0,46.0,0.0,91.54
STR_E02,1200080994,2024-03-25,2024-W13,87.0,87.0,0.0,695.13
STR_E02,2840016014,2024-03-25,2024-W13,26.0,26.0,0.0,129.74
STR_E02,4900005010,2024-03-25,2024-W13,48.0,48.0,0.0,95.52
STR_W01,1200080994,2024-03-25,2024-W13,91.0,91.0,0.0,727.09
STR_W01,2840016014,2024-03-25,2024-W13,28.0,28.0,0.0,139.72
STR_W01,4900005010,2024-03-25,2024-W13,47.0,47.0,0.0,93.53
STR_E01,1200080994,2024-03-26,2024-W13,60.0,60.0,0.0,479.40000000000003
STR_E01,2840016014,2024-03-26,2024-W13,30.0,30.0,0.0,149.70000000000002
STR_E01,4900005010,2024-03-26,2024-W13,39.0,39.0,0.0,77.61
STR_E02,1200080994,2024-03-26,2024-W13,106.0,106.0,0.0,846.94
STR_E02,2840016014,2024-03-26,2024-W13,30.0,30.0,0.0,149.70000000000002
STR_E02,4900005010,2024-03-26,2024-W13,49.0,49.0,0.0,97.51
STR_W01,1200080994,2024-03-26,2024-W13,77.0,77.0,0.0,615.23
STR_W01,2840016014,2024-03-26,2024-W13,22.0,22.0,0.0,109.78
STR_W01,4900005010,2024-03-26,2024-W13,42.0,42.0,0.0,83.58
STR_E01,1200080994,2024-03-27,2024-W13,80.0,80.0,0.0,639.2
STR_E01,2840016014,2024-03-27,2024-W13,24.0,24.0,0.0,119.76
STR_E01,4900005010,2024-03-27,2024-W13,49.0,49.0,0.0,97.51
STR_E02,1200080994,2024-03-27,2024-W13,83.0,83.0,0.0,663.1700000000001
STR_E02,2840016014,2024-03-27,2024-W13,21.0,21.0,0.0,104.79
STR_E02,4900005010,2024-03-27,2024-W13,35.0,35.0,0.0,69.65
STR_W01,1200080994,2024-03-27,2024-W13,83.0,83.0,0.0,663.1700000000001
STR_W01,2840016014,2024-03-27,2024-W13,24.0,24.0,0.0,119.76
STR_W01,4900005010,2024-03-27,2024-W13,57.0,57.0,0.0,113.42999999999999
STR_E01,1200080994,2024-03-28,2024-W13,76.0,76.0,0.0,607.24
STR_E01,2840016014,2024-03-28,2024-W13,34.0,34.0,0.0,169.66
STR_E01,4900005010,2024-03-28,2024-W13,57.0,57.0,0.0,113.42999999999999
STR_E02,1200080994,2024-03-28,2024-W13,77.0,77.0,0.0,615.23
STR_E02,2840016014,2024-03-28,2024-W13,28.0,28.0,0.0,139.72
STR_E02,4900005010,2024-03-28,2024-W13,47.0,47.0,0.0,93.53
STR_W01,1200080994,2024-03-28,2024-W13,87.0,87.0,0.0,695.13
STR_W01,2840016014,2024-03-28,2024-W13,26.0,26.0,0.0,129.74
STR_W01,4900005010,2024-03-28,2024-W13,47.0,47.0,0.0,93.53
STR_E01,1200080994,2024-03-29,2024-W13,79.0,79.0,0.0,631.21
STR_E01,2840016014,2024-03-29,2024-W13,20.0,20.0,0.0,99.80000000000001
STR_E01,4900005010,2024-03-29,2024-W13,54.0,54.0,0.0,107.46
STR_E02,1200080994,2024-03-29,2024-W13,77.0,77.0,0.0,615.23
STR_E02,2840016014,2024-03-29,2024-W13,32.0,32.0,0.0,159.68
STR_E02,4900005010,2024-03-29,2024-W13,41.0,41.0,0.0,81.59
STR_W01,1200080994,2024-03-29,2024-W13,94.0,94.0,0.0,751.0600000000001
STR_W01,2840016014,2024-03-29,2024-W13,28.0,28.0,0.0,139.72
STR_W01,4900005010,2024-03-29,2024-W13,37.0,37.0,0.0,73.63
STR_E01,1200080994,2024-03-30,2024-W13,75.0,75.0,0.0,599.25
STR_E01,2840016014,2024-03-30,2024-W13,27.0,27.0,0.0,134.73000000000002
STR_E01,4900005010,2024-03-30,2024-W13,54.0,54.0,0.0,107.46
STR_E02,1200080994,2024-03-30,2024-W13,72.0,72.0,0.0,575.28
STR_E02,2840016014,2024-03-30,2024-W13,35.0,28.0,7.0,139.72
STR_E02,4900005010,2024-03-30,2024-W13,48.0,48.0,0.0,95.52
STR_W01,1200080994,2024-03-30,2024-W13,83.0,83.0,0.0,663.1700000000001
STR_W01,2840016014,2024-03-30,2024-W13,23.0,23.0,0.0,114.77000000000001
STR_W01,4900005010,2024-03-30,2024-W13,49.0,49.0,0.0,97.51
STR_E01,1200080994,2024-03-31,2024-W13,79.0,73.0,6.0,583.27
STR_E01,2840016014,2024-03-31,2024-W13,23.0,23.0,0.0,114.77000000000001
STR_E01,4900005010,2024-03-31,2024-W13,44.0,44.0,0.0,87.56
STR_E02,1200080994,2024-03-31,2024-W13,90.0,51.0,39.0,407.49
STR_E02,2840016014,2024-03-31,2024-W13,21.0,0.0,21.0,0.0
STR_E02,4900005010,2024-03-31,2024-W13,46.0,46.0,0.0,91.54
STR_W01,1200080994,2024-03-31,2024-W13,75.0,29.0,46.0,231.71
STR_W01,2840016014,2024-03-31,2024-W13,21.0,15.0,6.0,74.85000000000001
STR_W01,4900005010,2024-03-31,2024-W13,45.0,45.0,0.0,89.55
