store_id,item_id,date,week,on_hand_qty,on_order_qty,inventory_status,woc
STR_E01,1200080994,2024-01-01,2024-W01,247.0,0.0,AVAILABLE,1.96
STR_E01,2840016014,2024-01-01,2024-W01,146.0,0.0,AVAILABLE,1.49
STR_E01,4900005010,2024-01-01,2024-W01,192.0,0.0,AVAILABLE,1.83
STR_E02,1200080994,2024-01-01,2024-W01,259.0,0.0,AVAILABLE,2.31
STR_E02,2840016014,2024-01-01,2024-W01,143.0,0.0,AVAILABLE,1.7
STR_E02,4900005010,2024-01-01,2024-W01,200.0,0.0,AVAILABLE,2.38
STR_W01,1200080994,2024-01-01,2024-W01,256.0,0.0,AVAILABLE,2.61
STR_W01,2840016014,2024-01-01,2024-W01,145.0,0.0,AVAILABLE,1.73
STR_W01,4900005010,2024-01-01,2024-W01,198.0,0.0,AVAILABLE,1.77
STR_E01,1200080994,2024-01-02,2024-W01,229.0,0.0,AVAILABLE,1.82
STR_E01,2840016014,2024-01-02,2024-W01,285.0,0.0,AVAILABLE,3.54
STR_E01,4900005010,2024-01-02,2024-W01,180.0,0.0,AVAILABLE,1.9
STR_E02,1200080994,2024-01-02,2024-W01,245.0,0.0,AVAILABLE,2.33
STR_E02,2840016014,2024-01-02,2024-W01,134.0,0.0,AVAILABLE,1.82
STR_E02,4900005010,2024-01-02,2024-W01,188.0,0.0,AVAILABLE,2.24
STR_W01,1200080994,2024-01-02,2024-W01,241.0,0.0,AVAILABLE,2.37
STR_W01,2840016014,2024-01-02,2024-W01,134.0,0.0,AVAILABLE,1.66
STR_W01,4900005010,2024-01-02,2024-W01,184.0,0.0,AVAILABLE,1.75
STR_E01,1200080994,2024-01-03,2024-W01,208.0,0.0,AVAILABLE,1.56
STR_E01,2840016014,2024-01-03,2024-W01,275.0,0.0,AVAILABLE,3.57
STR_E01,4900005010,2024-01-03,2024-W01,168.0,0.0,AVAILABLE,1.85
STR_E02,1200080994,2024-01-03,2024-W01,229.0,0.0,AVAILABLE,2.13
STR_E02,2840016014,2024-01-03,2024-W01,126.0,0.0,AVAILABLE,1.86
STR_E02,4900005010,2024-01-03,2024-W01,174.0,0.0,AVAILABLE,1.96
STR_W01,1200080994,2024-01-03,2024-W01,225.0,0.0,AVAILABLE,2.14
STR_W01,2840016014,2024-01-03,2024-W01,122.0,0.0,AVAILABLE,1.49
STR_W01,4900005010,2024-01-03,2024-W01,169.0,0.0,AVAILABLE,1.61
STR_E01,1200080994,2024-01-04,2024-W01,192.0,0.0,AVAILABLE,1.5
STR_E01,2840016014,2024-01-04,2024-W01,267.0,0.0,AVAILABLE,3.72
STR_E01,4900005010,2024-01-04,2024-W01,155.0,0.0,AVAILABLE,1.7
STR_E02,1200080994,2024-01-04,2024-W01,215.0,0.0,AVAILABLE,2.05
STR_E02,2840016014,2024-01-04,2024-W01,114.0,0.0,AVAILABLE,1.59
STR_E02,4900005010,2024-01-04,2024-W01,159.0,0.0,AVAILABLE,1.71
STR_W01,1200080994,2024-01-04,2024-W01,207.0,0.0,AVAILABLE,1.88
STR_W01,2840016014,2024-01-04,2024-W01,111.0,0.0,AVAILABLE,1.38
STR_W01,4900005010,2024-01-04,2024-W01,156.0,0.0,AVAILABLE,1.54
STR_E01,1200080994,2024-01-05,2024-W01,176.0,0.0,AVAILABLE,1.41
STR_E01,2840016014,2024-01-05,2024-W01,257.0,0.0,AVAILABLE,3.6
STR_E01,4900005010,2024-01-05,2024-W01,143.0,0.0,AVAILABLE,1.6
STR_E02,1200080994,2024-01-05,2024-W01,199.0,0.0,AVAILABLE,1.87
STR_E02,2840016014,2024-01-05,2024-W01,105.0,0.0,AVAILABLE,1.5
STR_E02,4900005010,2024-01-05,2024-W01,144.0,0.0,AVAILABLE,1.51
STR_W01,1200080994,2024-01-05,2024-W01,190.0,0.0,AVAILABLE,1.7
STR_W01,2840016014,2024-01-05,2024-W01,104.0,0.0,AVAILABLE,1.4
STR_W01,4900005010,2024-01-05,2024-W01,146.0,0.0,AVAILABLE,1.53
STR_E01,1200080994,2024-01-06,2024-W01,161.0,0.0,AVAILABLE,1.33
STR_E01,2840016014,2024-01-06,2024-W01,247.0,0.0,AVAILABLE,3.47
STR_E01,4900005010,2024-01-06,2024-W01,127.0,0.0,AVAILABLE,1.36
STR_E02,1200080994,2024-01-06,2024-W01,186.0,0.0,AVAILABLE,1.79
STR_E02,2840016014,2024-01-06,2024-W01,97.0,0.0,AVAILABLE,1.43
STR_E02,4900005010,2024-01-06,2024-W01,129.0,0.0,AVAILABLE,1.33
STR_W01,1200080994,2024-01-06,2024-W01,173.0,0.0,AVAILABLE,1.53
STR_W01,2840016014,2024-01-06,2024-W01,94.0,0.0,AVAILABLE,1.28
STR_W01,4900005010,2024-01-06,2024-W01,134.0,0.0,AVAILABLE,1.44
STR_E01,1200080994,2024-01-07,2024-W01,145.0,0.0,AVAILABLE,1.21
STR_E01,2840016014,2024-01-07,2024-W01,236.0,0.0,AVAILABLE,3.28
STR_E01,4900005010,2024-01-07,2024-W01,114.0,0.0,AVAILABLE,1.23
STR_E02,1200080994,2024-01-07,2024-W01,169.0,0.0,AVAILABLE,1.59
STR_E02,2840016014,2024-01-07,2024-W01,83.0,0.0,AVAILABLE,1.15
STR_E02,4900005010,2024-01-07,2024-W01,114.0,0.0,AVAILABLE,1.16
STR_W01,1200080994,2024-01-07,2024-W01,155.0,0.0,AVAILABLE,1.35
STR_W01,2840016014,2024-01-07,2024-W01,83.0,0.0,AVAILABLE,1.12
STR_W01,4900005010,2024-01-07,2024-W01,122.0,0.0,AVAILABLE,1.33
STR_E01,1200080994,2024-01-08,2024-W02,126.0,0.0,AVAILABLE,1.04
STR_E01,2840016014,2024-01-08,2024-W02,226.0,0.0,AVAILABLE,3.15
STR_E01,4900005010,2024-01-08,2024-W02,105.0,0.0,AVAILABLE,1.18
STR_E02,1200080994,2024-01-08,2024-W02,147.0,0.0,AVAILABLE,1.31
STR_E02,2840016014,2024-01-08,2024-W02,70.0,0.0,LOW,0.94
STR_E02,4900005010,2024-01-08,2024-W02,102.0,0.0,AVAILABLE,1.06
STR_W01,1200080994,2024-01-08,2024-W02,141.0,0.0,AVAILABLE,1.25
STR_W01,2840016014,2024-01-08,2024-W02,73.0,0.0,LOW,0.99
STR_W01,4900005010,2024-01-08,2024-W02,105.0,0.0,AVAILABLE,1.1
STR_E01,1200080994,2024-01-09,2024-W02,347.0,0.0,AVAILABLE,2.84
STR_E01,2840016014,2024-01-09,2024-W02,211.0,0.0,AVAILABLE,2.8
STR_E01,4900005010,2024-01-09,2024-W02,258.0,0.0,AVAILABLE,2.96
STR_E02,1200080994,2024-01-09,2024-W02,319.0,0.0,AVAILABLE,2.83
STR_E02,2840016014,2024-01-09,2024-W02,208.0,0.0,AVAILABLE,2.67
STR_E02,4900005010,2024-01-09,2024-W02,278.0,0.0,AVAILABLE,2.95
STR_W01,1200080994,2024-01-09,2024-W02,324.0,0.0,AVAILABLE,2.89
STR_W01,2840016014,2024-01-09,2024-W02,211.0,0.0,AVAILABLE,2.89
STR_W01,4900005010,2024-01-09,2024-W02,272.0,0.0,AVAILABLE,2.84
STR_E01,1200080994,2024-01-10,2024-W02,331.0,0.0,AVAILABLE,2.73
STR_E01,2840016014,2024-01-10,2024-W02,201.0,0.0,AVAILABLE,2.68
STR_E01,4900005010,2024-01-10,2024-W02,243.0,0.0,AVAILABLE,2.73
STR_E02,1200080994,2024-01-10,2024-W02,306.0,0.0,AVAILABLE,2.77
STR_E02,2840016014,2024-01-10,2024-W02,198.0,0.0,AVAILABLE,2.57
STR_E02,4900005010,2024-01-10,2024-W02,267.0,0.0,AVAILABLE,2.89
STR_W01,1200080994,2024-01-10,2024-W02,308.0,0.0,AVAILABLE,2.75
STR_W01,2840016014,2024-01-10,2024-W02,200.0,0.0,AVAILABLE,2.72
STR_W01,4900005010,2024-01-10,2024-W02,255.0,0.0,AVAILABLE,2.6
STR_E01,1200080994,2024-01-11,2024-W02,316.0,0.0,AVAILABLE,2.64
STR_E01,2840016014,2024-01-11,2024-W02,191.0,0.0,AVAILABLE,2.57
STR_E01,4900005010,2024-01-11,2024-W02,229.0,0.0,AVAILABLE,2.55
STR_E02,1200080994,2024-01-11,2024-W02,291.0,0.0,AVAILABLE,2.64
STR_E02,2840016014,2024-01-11,2024-W02,184.0,0.0,AVAILABLE,2.33
STR_E02,4900005010,2024-01-11,2024-W02,254.0,0.0,AVAILABLE,2.75
STR_W01,1200080994,2024-01-11,2024-W02,292.0,0.0,AVAILABLE,2.61
STR_W01,2840016014,2024-01-11,2024-W02,189.0,0.0,AVAILABLE,2.56
STR_W01,4900005010,2024-01-11,2024-W02,239.0,0.0,AVAILABLE,2.41
STR_E01,1200080994,2024-01-12,2024-W02,299.0,0.0,AVAILABLE,2.5
STR_E01,2840016014,2024-01-12,2024-W02,180.0,0.0,AVAILABLE,2.41
STR_E01,4900005010,2024-01-12,2024-W02,216.0,0.0,AVAILABLE,2.4
STR_E02,1200080994,2024-01-12,2024-W02,270.0,0.0,AVAILABLE,2.39
STR_E02,2840016014,2024-01-12,2024-W02,172.0,0.0,AVAILABLE,2.17
STR_E02,4900005010,2024-01-12,2024-W02,242.0,0.0,AVAILABLE,2.64
STR_W01,1200080994,2024-01-12,2024-W02,275.0,0.0,AVAILABLE,2.44
STR_W01,2840016014,2024-01-12,2024-W02,177.0,0.0,AVAILABLE,2.37
STR_W01,4900005010,2024-01-12,2024-W02,225.0,0.0,AVAILABLE,2.27
STR_E01,1200080994,2024-01-13,2024-W02,284.0,0.0,AVAILABLE,2.4
STR_E01,2840016014,2024-01-13,2024-W02,169.0,0.0,AVAILABLE,2.26
STR_E01,4900005010,2024-01-13,2024-W02,202.0,0.0,AVAILABLE,2.23
STR_E02,1200080994,2024-01-13,2024-W02,251.0,0.0,AVAILABLE,2.19
STR_E02,2840016014,2024-01-13,2024-W02,163.0,0.0,AVAILABLE,2.09
STR_E02,4900005010,2024-01-13,2024-W02,222.0,0.0,AVAILABLE,2.33
STR_W01,1200080994,2024-01-13,2024-W02,256.0,0.0,AVAILABLE,2.24
STR_W01,2840016014,2024-01-13,2024-W02,167.0,0.0,AVAILABLE,2.25
STR_W01,4900005010,2024-01-13,2024-W02,212.0,0.0,AVAILABLE,2.15
STR_E01,1200080994,2024-01-14,2024-W02,265.0,0.0,AVAILABLE,2.22
STR_E01,2840016014,2024-01-14,2024-W02,157.0,0.0,AVAILABLE,2.08
STR_E01,4900005010,2024-01-14,2024-W02,182.0,0.0,AVAILABLE,1.94
STR_E02,1200080994,2024-01-14,2024-W02,233.0,0.0,AVAILABLE,2.02
STR_E02,2840016014,2024-01-14,2024-W02,152.0,0.0,AVAILABLE,1.95
STR_E02,4900005010,2024-01-14,2024-W02,210.0,0.0,AVAILABLE,2.22
STR_W01,1200080994,2024-01-14,2024-W02,237.0,0.0,AVAILABLE,2.05
STR_W01,2840016014,2024-01-14,2024-W02,158.0,0.0,AVAILABLE,2.15
STR_W01,4900005010,2024-01-14,2024-W02,200.0,0.0,AVAILABLE,2.05
STR_E01,1200080994,2024-01-15,2024-W03,250.0,0.0,AVAILABLE,2.11
STR_E01,2840016014,2024-01-15,2024-W03,145.0,0.0,AVAILABLE,1.91
STR_E01,4900005010,2024-01-15,2024-W03,170.0,0.0,AVAILABLE,1.82
STR_E02,1200080994,2024-01-15,2024-W03,216.0,0.0,AVAILABLE,1.87
STR_E02,2840016014,2024-01-15,2024-W03,143.0,0.0,AVAILABLE,1.86
STR_E02,4900005010,2024-01-15,2024-W03,197.0,0.0,AVAILABLE,2.09
STR_W01,1200080994,2024-01-15,2024-W03,218.0,0.0,AVAILABLE,1.87
STR_W01,2840016014,2024-01-15,2024-W03,149.0,0.0,AVAILABLE,2.05
STR_W01,4900005010,2024-01-15,2024-W03,185.0,0.0,AVAILABLE,1.89
STR_E01,1200080994,2024-01-16,2024-W03,232.0,0.0,AVAILABLE,1.95
STR_E01,2840016014,2024-01-16,2024-W03,134.0,0.0,AVAILABLE,1.76
STR_E01,4900005010,2024-01-16,2024-W03,155.0,0.0,AVAILABLE,1.65
STR_E02,1200080994,2024-01-16,2024-W03,198.0,0.0,AVAILABLE,1.7
STR_E02,2840016014,2024-01-16,2024-W03,131.0,0.0,AVAILABLE,1.69
STR_E02,4900005010,2024-01-16,2024-W03,177.0,0.0,AVAILABLE,1.82
STR_W01,1200080994,2024-01-16,2024-W03,200.0,0.0,AVAILABLE,1.71
STR_W01,2840016014,2024-01-16,2024-W03,138.0,0.0,AVAILABLE,1.89
STR_W01,4900005010,2024-01-16,2024-W03,166.0,0.0,AVAILABLE,1.66
STR_E01,1200080994,2024-01-17,2024-W03,216.0,0.0,AVAILABLE,1.82
STR_E01,2840016014,2024-01-17,2024-W03,124.0,0.0,AVAILABLE,1.64
STR_E01,4900005010,2024-01-17,2024-W03,137.0,0.0,AVAILABLE,1.43
STR_E02,1200080994,2024-01-17,2024-W03,174.0,0.0,AVAILABLE,1.46
STR_E02,2840016014,2024-01-17,2024-W03,121.0,0.0,AVAILABLE,1.57
STR_E02,4900005010,2024-01-17,2024-W03,165.0,0.0,AVAILABLE,1.71
STR_W01,1200080994,2024-01-17,2024-W03,181.0,0.0,AVAILABLE,1.53
STR_W01,2840016014,2024-01-17,2024-W03,126.0,0.0,AVAILABLE,1.71
STR_W01,4900005010,2024-01-17,2024-W03,153.0,0.0,AVAILABLE,1.54
STR_E01,1200080994,2024-01-18,2024-W03,201.0,0.0,AVAILABLE,1.71
STR_E01,2840016014,2024-01-18,2024-W03,115.0,0.0,AVAILABLE,1.53
STR_E01,4900005010,2024-01-18,2024-W03,123.0,0.0,AVAILABLE,1.28
STR_E02,1200080994,2024-01-18,2024-W03,159.0,0.0,AVAILABLE,1.34
STR_E02,2840016014,2024-01-18,2024-W03,108.0,0.0,AVAILABLE,1.39
STR_E02,4900005010,2024-01-18,2024-W03,151.0,0.0,AVAILABLE,1.57
STR_W01,1200080994,2024-01-18,2024-W03,159.0,0.0,AVAILABLE,1.32
STR_W01,2840016014,2024-01-18,2024-W03,116.0,0.0,AVAILABLE,1.58
STR_W01,4900005010,2024-01-18,2024-W03,142.0,0.0,AVAILABLE,1.44
STR_E01,1200080994,2024-01-19,2024-W03,186.0,0.0,AVAILABLE,1.59
STR_E01,2840016014,2024-01-19,2024-W03,103.0,0.0,AVAILABLE,1.36
STR_E01,4900005010,2024-01-19,2024-W03,105.0,0.0,AVAILABLE,1.08
STR_E02,1200080994,2024-01-19,2024-W03,145.0,0.0,AVAILABLE,1.23
STR_E02,2840016014,2024-01-19,2024-W03,97.0,0.0,AVAILABLE,1.25
STR_E02,4900005010,2024-01-19,2024-W03,136.0,0.0,AVAILABLE,1.4
STR_W01,1200080994,2024-01-19,2024-W03,144.0,0.0,AVAILABLE,1.21
STR_W01,2840016014,2024-01-19,2024-W03,108.0,0.0,AVAILABLE,1.49
STR_W01,4900005010,2024-01-19,2024-W03,126.0,0.0,AVAILABLE,1.27
STR_E01,1200080994,2024-01-20,2024-W03,170.0,0.0,AVAILABLE,1.45
STR_E01,2840016014,2024-01-20,2024-W03,90.0,0.0,AVAILABLE,1.18
STR_E01,4900005010,2024-01-20,2024-W03,92.0,0.0,LOW,0.95
STR_E02,1200080994,2024-01-20,2024-W03,122.0,0.0,AVAILABLE,1.02
STR_E02,2840016014,2024-01-20,2024-W03,84.0,0.0,AVAILABLE,1.07
STR_E02,4900005010,2024-01-20,2024-W03,124.0,0.0,AVAILABLE,1.29
STR_W01,1200080994,2024-01-20,2024-W03,130.0,0.0,AVAILABLE,1.1
STR_W01,2840016014,2024-01-20,2024-W03,97.0,0.0,AVAILABLE,1.33
STR_W01,4900005010,2024-01-20,2024-W03,112.0,0.0,AVAILABLE,1.13
STR_E01,1200080994,2024-01-21,2024-W03,155.0,0.0,AVAILABLE,1.33
STR_E01,2840016014,2024-01-21,2024-W03,79.0,0.0,AVAILABLE,1.03
STR_E01,4900005010,2024-01-21,2024-W03,79.0,0.0,LOW,0.81
STR_E02,1200080994,2024-01-21,2024-W03,104.0,0.0,LOW,0.87
STR_E02,2840016014,2024-01-21,2024-W03,73.0,0.0,LOW,0.93
STR_E02,4900005010,2024-01-21,2024-W03,111.0,0.0,AVAILABLE,1.16
STR_W01,1200080994,2024-01-21,2024-W03,111.0,0.0,LOW,0.93
STR_W01,2840016014,2024-01-21,2024-W03,85.0,0.0,AVAILABLE,1.16
STR_W01,4900005010,2024-01-21,2024-W03,100.0,0.0,AVAILABLE,1.02
STR_E01,1200080994,2024-01-22,2024-W04,136.0,0.0,AVAILABLE,1.16
STR_E01,2840016014,2024-01-22,2024-W04,67.0,0.0,LOW,0.87
STR_E01,4900005010,2024-01-22,2024-W04,62.0,0.0,LOW,0.63
STR_E02,1200080994,2024-01-22,2024-W04,87.0,0.0,LOW,0.73
STR_E02,2840016014,2024-01-22,2024-W04,63.0,0.0,LOW,0.81
STR_E02,4900005010,2024-01-22,2024-W04,96.0,0.0,LOW,1.0
STR_W01,1200080994,2024-01-22,2024-W04,97.0,0.0,LOW,0.82
STR_W01,2840016014,2024-01-22,2024-W04,70.0,0.0,LOW,0.94
STR_W01,4900005010,2024-01-22,2024-W04,84.0,0.0,LOW,0.85
STR_E01,1200080994,2024-01-23,2024-W04,335.0,0.0,AVAILABLE,2.87
STR_E01,2840016014,2024-01-23,2024-W04,220.0,0.0,AVAILABLE,2.88
STR_E01,4900005010,2024-01-23,2024-W04,281.0,0.0,AVAILABLE,2.88
STR_E02,1200080994,2024-01-23,2024-W04,339.0,0.0,AVAILABLE,2.8
STR_E02,2840016014,2024-01-23,2024-W04,226.0,0.0,AVAILABLE,2.94
STR_E02,4900005010,2024-01-23,2024-W04,81.0,193.0,LOW,0.84
STR_W01,1200080994,2024-01-23,2024-W04,337.0,0.0,AVAILABLE,2.85
STR_W01,2840016014,2024-01-23,2024-W04,215.0,0.0,AVAILABLE,2.9
STR_W01,4900005010,2024-01-23,2024-W04,283.0,0.0,AVAILABLE,2.86
STR_E01,1200080994,2024-01-24,2024-W04,321.0,0.0,AVAILABLE,2.77
STR_E01,2840016014,2024-01-24,2024-W04,211.0,0.0,AVAILABLE,2.78
STR_E01,4900005010,2024-01-24,2024-W04,267.0,0.0,AVAILABLE,2.73
STR_E02,1200080994,2024-01-24,2024-W04,317.0,0.0,AVAILABLE,2.59
STR_E02,2840016014,2024-01-24,2024-W04,217.0,0.0,AVAILABLE,2.84
STR_E02,4900005010,2024-01-24,2024-W04,262.0,0.0,AVAILABLE,2.72
STR_W01,1200080994,2024-01-24,2024-W04,321.0,0.0,AVAILABLE,2.72
STR_W01,2840016014,2024-01-24,2024-W04,201.0,0.0,AVAILABLE,2.67
STR_W01,4900005010,2024-01-24,2024-W04,269.0,0.0,AVAILABLE,2.72
STR_E01,1200080994,2024-01-25,2024-W04,303.0,0.0,AVAILABLE,2.6
STR_E01,2840016014,2024-01-25,2024-W04,202.0,0.0,AVAILABLE,2.68
STR_E01,4900005010,2024-01-25,2024-W04,254.0,0.0,AVAILABLE,2.61
STR_E02,1200080994,2024-01-25,2024-W04,301.0,0.0,AVAILABLE,2.47
STR_E02,2840016014,2024-01-25,2024-W04,208.0,0.0,AVAILABLE,2.74
STR_E02,4900005010,2024-01-25,2024-W04,247.0,0.0,AVAILABLE,2.56
STR_W01,1200080994,2024-01-25,2024-W04,300.0,0.0,AVAILABLE,2.52
STR_W01,2840016014,2024-01-25,2024-W04,190.0,0.0,AVAILABLE,2.52
STR_W01,4900005010,2024-01-25,2024-W04,258.0,0.0,AVAILABLE,2.63
STR_E01,1200080994,2024-01-26,2024-W04,287.0,0.0,AVAILABLE,2.47
STR_E01,2840016014,2024-01-26,2024-W04,191.0,0.0,AVAILABLE,2.53
STR_E01,4900005010,2024-01-26,2024-W04,238.0,0.0,AVAILABLE,2.43
STR_E02,1200080994,2024-01-26,2024-W04,281.0,0.0,AVAILABLE,2.29
STR_E02,2840016014,2024-01-26,2024-W04,199.0,0.0,AVAILABLE,2.64
STR_E02,4900005010,2024-01-26,2024-W04,236.0,0.0,AVAILABLE,2.46
STR_W01,1200080994,2024-01-26,2024-W04,282.0,0.0,AVAILABLE,2.36
STR_W01,2840016014,2024-01-26,2024-W04,180.0,0.0,AVAILABLE,2.4
STR_W01,4900005010,2024-01-26,2024-W04,244.0,0.0,AVAILABLE,2.49
STR_E01,1200080994,2024-01-27,2024-W04,265.0,0.0,AVAILABLE,2.25
STR_E01,2840016014,2024-01-27,2024-W04,179.0,0.0,AVAILABLE,2.36
STR_E01,4900005010,2024-01-27,2024-W04,224.0,0.0,AVAILABLE,2.29
STR_E02,1200080994,2024-01-27,2024-W04,265.0,0.0,AVAILABLE,2.17
STR_E02,2840016014,2024-01-27,2024-W04,190.0,0.0,AVAILABLE,2.54
STR_E02,4900005010,2024-01-27,2024-W04,222.0,0.0,AVAILABLE,2.31
STR_W01,1200080994,2024-01-27,2024-W04,261.0,0.0,AVAILABLE,2.17
STR_W01,2840016014,2024-01-27,2024-W04,170.0,0.0,AVAILABLE,2.27
STR_W01,4900005010,2024-01-27,2024-W04,231.0,0.0,AVAILABLE,2.36
STR_E01,1200080994,2024-01-28,2024-W04,189.0,0.0,AVAILABLE,1.43
STR_E01,2840016014,2024-01-28,2024-W04,150.0,0.0,AVAILABLE,1.87
STR_E01,4900005010,2024-01-28,2024-W04,188.0,0.0,AVAILABLE,1.82
STR_E02,1200080994,2024-01-28,2024-W04,187.0,0.0,AVAILABLE,1.36
STR_E02,2840016014,2024-01-28,2024-W04,169.0,0.0,AVAILABLE,2.18
STR_E02,4900005010,2024-01-28,2024-W04,169.0,0.0,AVAILABLE,1.6
STR_W01,1200080994,2024-01-28,2024-W04,184.0,0.0,AVAILABLE,1.36
STR_W01,2840016014,2024-01-28,2024-W04,145.0,0.0,AVAILABLE,1.85
STR_W01,4900005010,2024-01-28,2024-W04,180.0,0.0,AVAILABLE,1.68
STR_E01,1200080994,2024-01-29,2024-W05,119.0,0.0,LOW,0.82
STR_E01,2840016014,2024-01-29,2024-W05,132.0,0.0,AVAILABLE,1.62
STR_E01,4900005010,2024-01-29,2024-W05,143.0,0.0,AVAILABLE,1.29
STR_E02,1200080994,2024-01-29,2024-W05,120.0,0.0,LOW,0.8
STR_E02,2840016014,2024-01-29,2024-W05,140.0,0.0,AVAILABLE,1.71
STR_E02,4900005010,2024-01-29,2024-W05,117.0,0.0,AVAILABLE,1.01
STR_W01,1200080994,2024-01-29,2024-W05,115.0,0.0,LOW,0.77
STR_W01,2840016014,2024-01-29,2024-W05,124.0,0.0,AVAILABLE,1.54
STR_W01,4900005010,2024-01-29,2024-W05,137.0,0.0,AVAILABLE,1.2
STR_E01,1200080994,2024-01-30,2024-W05,366.0,0.0,AVAILABLE,2.31
STR_E01,2840016014,2024-01-30,2024-W05,102.0,0.0,AVAILABLE,1.18
STR_E01,4900005010,2024-01-30,2024-W05,291.0,0.0,AVAILABLE,2.46
STR_E02,1200080994,2024-01-30,2024-W05,373.0,0.0,AVAILABLE,2.24
STR_E02,2840016014,2024-01-30,2024-W05,114.0,0.0,AVAILABLE,1.33
STR_E02,4900005010,2024-01-30,2024-W05,297.0,0.0,AVAILABLE,2.37
STR_W01,1200080994,2024-01-30,2024-W05,381.0,0.0,AVAILABLE,2.36
STR_W01,2840016014,2024-01-30,2024-W05,102.0,0.0,AVAILABLE,1.22
STR_W01,4900005010,2024-01-30,2024-W05,294.0,0.0,AVAILABLE,2.41
STR_E01,1200080994,2024-01-31,2024-W05,305.0,0.0,AVAILABLE,1.81
STR_E01,2840016014,2024-01-31,2024-W05,78.0,0.0,LOW,0.87
STR_E01,4900005010,2024-01-31,2024-W05,251.0,0.0,AVAILABLE,2.0
STR_E02,1200080994,2024-01-31,2024-W05,308.0,0.0,AVAILABLE,1.73
STR_E02,2840016014,2024-01-31,2024-W05,88.0,0.0,LOW,0.97
STR_E02,4900005010,2024-01-31,2024-W05,249.0,0.0,AVAILABLE,1.86
STR_W01,1200080994,2024-01-31,2024-W05,318.0,0.0,AVAILABLE,1.83
STR_W01,2840016014,2024-01-31,2024-W05,78.0,0.0,LOW,0.9
STR_W01,4900005010,2024-01-31,2024-W05,252.0,0.0,AVAILABLE,1.96
STR_E01,1200080994,2024-02-01,2024-W05,245.0,0.0,AVAILABLE,1.36
STR_E01,2840016014,2024-02-01,2024-W05,55.0,0.0,LOW,0.59
STR_E01,4900005010,2024-02-01,2024-W05,199.0,0.0,AVAILABLE,1.47
STR_E02,1200080994,2024-02-01,2024-W05,226.0,0.0,AVAILABLE,1.16
STR_E02,2840016014,2024-02-01,2024-W05,62.0,0.0,LOW,0.66
STR_E02,4900005010,2024-02-01,2024-W05,210.0,0.0,AVAILABLE,1.5
STR_W01,1200080994,2024-02-01,2024-W05,236.0,0.0,AVAILABLE,1.25
STR_W01,2840016014,2024-02-01,2024-W05,59.0,0.0,LOW,0.67
STR_W01,4900005010,2024-02-01,2024-W05,198.0,0.0,AVAILABLE,1.42
STR_E01,1200080994,2024-02-02,2024-W05,172.0,0.0,LOW,0.89
STR_E01,2840016014,2024-02-02,2024-W05,22.0,0.0,LOW,0.22
STR_E01,4900005010,2024-02-02,2024-W05,150.0,0.0,AVAILABLE,1.04
STR_E02,1200080994,2024-02-02,2024-W05,151.0,0.0,LOW,0.72
STR_E02,2840016014,2024-02-02,2024-W05,36.0,0.0,LOW,0.37
STR_E02,4900005010,2024-02-02,2024-W05,169.0,0.0,AVAILABLE,1.16
STR_W01,1200080994,2024-02-02,2024-W05,172.0,0.0,LOW,0.85
STR_W01,2840016014,2024-02-02,2024-W05,29.0,0.0,LOW,0.31
STR_W01,4900005010,2024-02-02,2024-W05,141.0,0.0,LOW,0.94
STR_E01,1200080994,2024-02-03,2024-W05,112.0,0.0,LOW,0.55
STR_E01,2840016014,2024-02-03,2024-W05,0.0,0.0,ZERO,0.0
STR_E01,4900005010,2024-02-03,2024-W05,105.0,0.0,LOW,0.69
STR_E02,1200080994,2024-02-03,2024-W05,73.0,0.0,LOW,0.32
STR_E02,2840016014,2024-02-03,2024-W05,8.0,0.0,LOW,0.08
STR_E02,4900005010,2024-02-03,2024-W05,115.0,0.0,LOW,0.74
STR_W01,1200080994,2024-02-03,2024-W05,109.0,0.0,LOW,0.51
STR_W01,2840016014,2024-02-03,2024-W05,7.0,0.0,LOW,0.07
STR_W01,4900005010,2024-02-03,2024-W05,93.0,0.0,LOW,0.58
STR_E01,1200080994,2024-02-04,2024-W05,57.0,0.0,LOW,0.27
STR_E01,2840016014,2024-02-04,2024-W05,0.0,0.0,ZERO,0.0
STR_E01,4900005010,2024-02-04,2024-W05,67.0,0.0,LOW,0.42
STR_E02,1200080994,2024-02-04,2024-W05,14.0,0.0,LOW,0.06
STR_E02,2840016014,2024-02-04,2024-W05,0.0,0.0,ZERO,0.0
STR_E02,4900005010,2024-02-04,2024-W05,75.0,0.0,LOW,0.46
STR_W01,1200080994,2024-02-04,2024-W05,53.0,0.0,LOW,0.24
STR_W01,2840016014,2024-02-04,2024-W05,0.0,0.0,ZERO,0.0
STR_W01,4900005010,2024-02-04,2024-W05,53.0,0.0,LOW,0.32
STR_E01,1200080994,2024-02-05,2024-W06,3.0,0.0,LOW,0.01
STR_E01,2840016014,2024-02-05,2024-W06,0.0,0.0,ZERO,0.0
STR_E01,4900005010,2024-02-05,2024-W06,41.0,0.0,LOW,0.25
STR_E02,1200080994,2024-02-05,2024-W06,0.0,0.0,ZERO,0.0
STR_E02,2840016014,2024-02-05,2024-W06,0.0,0.0,ZERO,0.0
STR_E02,4900005010,2024-02-05,2024-W06,44.0,0.0,LOW,0.26
STR_W01,1200080994,2024-02-05,2024-W06,5.0,0.0,LOW,0.02
STR_W01,2840016014,2024-02-05,2024-W06,0.0,0.0,ZERO,0.0
STR_W01,4900005010,2024-02-05,2024-W06,22.0,0.0,LOW,0.13
STR_E01,1200080994,2024-02-06,2024-W06,635.0,0.0,AVAILABLE,2.78
STR_E01,2840016014,2024-02-06,2024-W06,312.0,0.0,AVAILABLE,2.88
STR_E01,4900005010,2024-02-06,2024-W06,450.0,0.0,AVAILABLE,2.66
STR_E02,1200080994,2024-02-06,2024-W06,700.0,0.0,AVAILABLE,2.77
STR_E02,2840016014,2024-02-06,2024-W06,309.0,0.0,AVAILABLE,2.91
STR_E02,4900005010,2024-02-06,2024-W06,119.0,0.0,LOW,0.69
STR_W01,1200080994,2024-02-06,2024-W06,646.0,0.0,AVAILABLE,2.71
STR_W01,2840016014,2024-02-06,2024-W06,297.0,0.0,AVAILABLE,2.86
STR_W01,4900005010,2024-02-06,2024-W06,280.0,0.0,AVAILABLE,1.6
STR_E01,1200080994,2024-02-07,2024-W06,602.0,0.0,AVAILABLE,2.59
STR_E01,2840016014,2024-02-07,2024-W06,298.0,0.0,AVAILABLE,2.73
STR_E01,4900005010,2024-02-07,2024-W06,429.0,0.0,AVAILABLE,2.52
STR_E02,1200080994,2024-02-07,2024-W06,668.0,0.0,AVAILABLE,2.6
STR_E02,2840016014,2024-02-07,2024-W06,299.0,0.0,AVAILABLE,2.81
STR_E02,4900005010,2024-02-07,2024-W06,102.0,0.0,LOW,0.59
STR_W01,1200080994,2024-02-07,2024-W06,613.0,0.0,AVAILABLE,2.53
STR_W01,2840016014,2024-02-07,2024-W06,288.0,0.0,AVAILABLE,2.78
STR_W01,4900005010,2024-02-07,2024-W06,252.0,0.0,AVAILABLE,1.41
STR_E01,1200080994,2024-02-08,2024-W06,579.0,0.0,AVAILABLE,2.47
STR_E01,2840016014,2024-02-08,2024-W06,288.0,0.0,AVAILABLE,2.64
STR_E01,4900005010,2024-02-08,2024-W06,418.0,0.0,AVAILABLE,2.46
STR_E02,1200080994,2024-02-08,2024-W06,647.0,0.0,AVAILABLE,2.5
STR_E02,2840016014,2024-02-08,2024-W06,286.0,0.0,AVAILABLE,2.7
STR_E02,4900005010,2024-02-08,2024-W06,87.0,0.0,LOW,0.5
STR_W01,1200080994,2024-02-08,2024-W06,589.0,0.0,AVAILABLE,2.41
STR_W01,2840016014,2024-02-08,2024-W06,280.0,0.0,AVAILABLE,2.73
STR_W01,4900005010,2024-02-08,2024-W06,235.0,0.0,AVAILABLE,1.32
STR_E01,1200080994,2024-02-09,2024-W06,560.0,0.0,AVAILABLE,2.38
STR_E01,2840016014,2024-02-09,2024-W06,275.0,0.0,AVAILABLE,2.51
STR_E01,4900005010,2024-02-09,2024-W06,402.0,0.0,AVAILABLE,2.36
STR_E02,1200080994,2024-02-09,2024-W06,631.0,0.0,AVAILABLE,2.45
STR_E02,2840016014,2024-02-09,2024-W06,273.0,0.0,AVAILABLE,2.57
STR_E02,4900005010,2024-02-09,2024-W06,73.0,0.0,LOW,0.42
STR_W01,1200080994,2024-02-09,2024-W06,571.0,0.0,AVAILABLE,2.33
STR_W01,2840016014,2024-02-09,2024-W06,271.0,0.0,AVAILABLE,2.66
STR_W01,4900005010,2024-02-09,2024-W06,218.0,0.0,AVAILABLE,1.22
STR_E01,1200080994,2024-02-10,2024-W06,537.0,0.0,AVAILABLE,2.27
STR_E01,2840016014,2024-02-10,2024-W06,263.0,0.0,AVAILABLE,2.39
STR_E01,4900005010,2024-02-10,2024-W06,390.0,0.0,AVAILABLE,2.29
STR_E02,1200080994,2024-02-10,2024-W06,615.0,0.0,AVAILABLE,2.4
STR_E02,2840016014,2024-02-10,2024-W06,263.0,0.0,AVAILABLE,2.47
STR_E02,4900005010,2024-02-10,2024-W06,59.0,0.0,LOW,0.34
STR_W01,1200080994,2024-02-10,2024-W06,549.0,0.0,AVAILABLE,2.23
STR_W01,2840016014,2024-02-10,2024-W06,263.0,0.0,AVAILABLE,2.59
STR_W01,4900005010,2024-02-10,2024-W06,204.0,0.0,AVAILABLE,1.14
STR_E01,1200080994,2024-02-11,2024-W06,523.0,0.0,AVAILABLE,2.22
STR_E01,2840016014,2024-02-11,2024-W06,252.0,0.0,AVAILABLE,2.3
STR_E01,4900005010,2024-02-11,2024-W06,377.0,0.0,AVAILABLE,2.24
STR_E02,1200080994,2024-02-11,2024-W06,594.0,0.0,AVAILABLE,2.31
STR_E02,2840016014,2024-02-11,2024-W06,253.0,0.0,AVAILABLE,2.38
STR_E02,4900005010,2024-02-11,2024-W06,45.0,0.0,LOW,0.26
STR_W01,1200080994,2024-02-11,2024-W06,529.0,0.0,AVAILABLE,2.15
STR_W01,2840016014,2024-02-11,2024-W06,251.0,0.0,AVAILABLE,2.45
STR_W01,4900005010,2024-02-11,2024-W06,192.0,0.0,AVAILABLE,1.07
STR_E01,1200080994,2024-02-12,2024-W07,509.0,0.0,AVAILABLE,2.16
STR_E01,2840016014,2024-02-12,2024-W07,243.0,0.0,AVAILABLE,2.23
STR_E01,4900005010,2024-02-12,2024-W07,365.0,0.0,AVAILABLE,2.17
STR_E02,1200080994,2024-02-12,2024-W07,578.0,0.0,AVAILABLE,2.25
STR_E02,2840016014,2024-02-12,2024-W07,242.0,0.0,AVAILABLE,2.27
STR_E02,4900005010,2024-02-12,2024-W07,29.0,0.0,LOW,0.17
STR_W01,1200080994,2024-02-12,2024-W07,511.0,0.0,AVAILABLE,2.08
STR_W01,2840016014,2024-02-12,2024-W07,242.0,0.0,AVAILABLE,2.37
STR_W01,4900005010,2024-02-12,2024-W07,178.0,0.0,LOW,0.99
STR_E01,1200080994,2024-02-13,2024-W07,488.0,0.0,AVAILABLE,2.07
STR_E01,2840016014,2024-02-13,2024-W07,230.0,0.0,AVAILABLE,2.1
STR_E01,4900005010,2024-02-13,2024-W07,353.0,0.0,AVAILABLE,2.11
STR_E02,1200080994,2024-02-13,2024-W07,556.0,0.0,AVAILABLE,2.15
STR_E02,2840016014,2024-02-13,2024-W07,227.0,0.0,AVAILABLE,2.11
STR_E02,4900005010,2024-02-13,2024-W07,509.0,0.0,AVAILABLE,2.93
STR_W01,1200080994,2024-02-13,2024-W07,495.0,0.0,AVAILABLE,2.02
STR_W01,2840016014,2024-02-13,2024-W07,231.0,0.0,AVAILABLE,2.26
STR_W01,4900005010,2024-02-13,2024-W07,519.0,0.0,AVAILABLE,2.9
STR_E01,1200080994,2024-02-14,2024-W07,474.0,0.0,AVAILABLE,2.01
STR_E01,2840016014,2024-02-14,2024-W07,218.0,0.0,AVAILABLE,1.98
STR_E01,4900005010,2024-02-14,2024-W07,341.0,0.0,AVAILABLE,2.05
STR_E02,1200080994,2024-02-14,2024-W07,539.0,0.0,AVAILABLE,2.1
STR_E02,2840016014,2024-02-14,2024-W07,214.0,0.0,AVAILABLE,1.98
STR_E02,4900005010,2024-02-14,2024-W07,497.0,0.0,AVAILABLE,2.86
STR_W01,1200080994,2024-02-14,2024-W07,475.0,0.0,AVAILABLE,1.93
STR_W01,2840016014,2024-02-14,2024-W07,220.0,0.0,AVAILABLE,2.16
STR_W01,4900005010,2024-02-14,2024-W07,505.0,0.0,AVAILABLE,2.81
STR_E01,1200080994,2024-02-15,2024-W07,455.0,0.0,AVAILABLE,1.92
STR_E01,2840016014,2024-02-15,2024-W07,203.0,0.0,AVAILABLE,1.82
STR_E01,4900005010,2024-02-15,2024-W07,328.0,0.0,AVAILABLE,1.98
STR_E02,1200080994,2024-02-15,2024-W07,521.0,0.0,AVAILABLE,2.03
STR_E02,2840016014,2024-02-15,2024-W07,202.0,0.0,AVAILABLE,1.87
STR_E02,4900005010,2024-02-15,2024-W07,483.0,0.0,AVAILABLE,2.78
STR_W01,1200080994,2024-02-15,2024-W07,461.0,0.0,AVAILABLE,1.89
STR_W01,2840016014,2024-02-15,2024-W07,205.0,0.0,AVAILABLE,1.99
STR_W01,4900005010,2024-02-15,2024-W07,491.0,0.0,AVAILABLE,2.72
STR_E01,1200080994,2024-02-16,2024-W07,439.0,0.0,AVAILABLE,1.85
STR_E01,2840016014,2024-02-16,2024-W07,190.0,0.0,AVAILABLE,1.7
STR_E01,4900005010,2024-02-16,2024-W07,313.0,0.0,AVAILABLE,1.9
STR_E02,1200080994,2024-02-16,2024-W07,500.0,0.0,AVAILABLE,1.93
STR_E02,2840016014,2024-02-16,2024-W07,192.0,0.0,AVAILABLE,1.78
STR_E02,4900005010,2024-02-16,2024-W07,469.0,0.0,AVAILABLE,2.71
STR_W01,1200080994,2024-02-16,2024-W07,441.0,0.0,AVAILABLE,1.8
STR_W01,2840016014,2024-02-16,2024-W07,192.0,0.0,AVAILABLE,1.84
STR_W01,4900005010,2024-02-16,2024-W07,477.0,0.0,AVAILABLE,2.65
STR_E01,1200080994,2024-02-17,2024-W07,423.0,0.0,AVAILABLE,1.78
STR_E01,2840016014,2024-02-17,2024-W07,182.0,0.0,AVAILABLE,1.65
STR_E01,4900005010,2024-02-17,2024-W07,295.0,0.0,AVAILABLE,1.77
STR_E02,1200080994,2024-02-17,2024-W07,481.0,0.0,AVAILABLE,1.86
STR_E02,2840016014,2024-02-17,2024-W07,184.0,0.0,AVAILABLE,1.73
STR_E02,4900005010,2024-02-17,2024-W07,456.0,0.0,AVAILABLE,2.63
STR_W01,1200080994,2024-02-17,2024-W07,421.0,0.0,AVAILABLE,1.71
STR_W01,2840016014,2024-02-17,2024-W07,181.0,0.0,AVAILABLE,1.73
STR_W01,4900005010,2024-02-17,2024-W07,465.0,0.0,AVAILABLE,2.59
STR_E01,1200080994,2024-02-18,2024-W07,400.0,0.0,AVAILABLE,1.67
STR_E01,2840016014,2024-02-18,2024-W07,173.0,0.0,AVAILABLE,1.57
STR_E01,4900005010,2024-02-18,2024-W07,283.0,0.0,AVAILABLE,1.7
STR_E02,1200080994,2024-02-18,2024-W07,465.0,0.0,AVAILABLE,1.81
STR_E02,2840016014,2024-02-18,2024-W07,175.0,0.0,AVAILABLE,1.65
STR_E02,4900005010,2024-02-18,2024-W07,444.0,0.0,AVAILABLE,2.56
STR_W01,1200080994,2024-02-18,2024-W07,403.0,0.0,AVAILABLE,1.64
STR_W01,2840016014,2024-02-18,2024-W07,171.0,0.0,AVAILABLE,1.64
STR_W01,4900005010,2024-02-18,2024-W07,448.0,0.0,AVAILABLE,2.48
STR_E01,1200080994,2024-02-19,2024-W08,382.0,0.0,AVAILABLE,1.6
STR_E01,2840016014,2024-02-19,2024-W08,163.0,0.0,AVAILABLE,1.49
STR_E01,4900005010,2024-02-19,2024-W08,267.0,0.0,AVAILABLE,1.61
STR_E02,1200080994,2024-02-19,2024-W08,445.0,0.0,AVAILABLE,1.72
STR_E02,2840016014,2024-02-19,2024-W08,164.0,0.0,AVAILABLE,1.54
STR_E02,4900005010,2024-02-19,2024-W08,430.0,0.0,AVAILABLE,2.49
STR_W01,1200080994,2024-02-19,2024-W08,387.0,0.0,AVAILABLE,1.57
STR_W01,2840016014,2024-02-19,2024-W08,161.0,0.0,AVAILABLE,1.57
STR_W01,4900005010,2024-02-19,2024-W08,434.0,0.0,AVAILABLE,2.41
STR_E01,1200080994,2024-02-20,2024-W08,370.0,0.0,AVAILABLE,1.56
STR_E01,2840016014,2024-02-20,2024-W08,319.0,0.0,AVAILABLE,2.91
STR_E01,4900005010,2024-02-20,2024-W08,258.0,0.0,AVAILABLE,1.57
STR_E02,1200080994,2024-02-20,2024-W08,429.0,0.0,AVAILABLE,1.67
STR_E02,2840016014,2024-02-20,2024-W08,152.0,0.0,AVAILABLE,1.42
STR_E02,4900005010,2024-02-20,2024-W08,418.0,0.0,AVAILABLE,2.43
STR_W01,1200080994,2024-02-20,2024-W08,371.0,0.0,AVAILABLE,1.51
STR_W01,2840016014,2024-02-20,2024-W08,149.0,0.0,AVAILABLE,1.44
STR_W01,4900005010,2024-02-20,2024-W08,419.0,0.0,AVAILABLE,2.32
STR_E01,1200080994,2024-02-21,2024-W08,349.0,0.0,AVAILABLE,1.46
STR_E01,2840016014,2024-02-21,2024-W08,305.0,0.0,AVAILABLE,2.75
STR_E01,4900005010,2024-02-21,2024-W08,242.0,0.0,AVAILABLE,1.46
STR_E02,1200080994,2024-02-21,2024-W08,412.0,0.0,AVAILABLE,1.61
STR_E02,2840016014,2024-02-21,2024-W08,140.0,0.0,AVAILABLE,1.3
STR_E02,4900005010,2024-02-21,2024-W08,404.0,0.0,AVAILABLE,2.34
STR_W01,1200080994,2024-02-21,2024-W08,355.0,0.0,AVAILABLE,1.44
STR_W01,2840016014,2024-02-21,2024-W08,141.0,0.0,AVAILABLE,1.38
STR_W01,4900005010,2024-02-21,2024-W08,406.0,0.0,AVAILABLE,2.26
STR_E01,1200080994,2024-02-22,2024-W08,329.0,0.0,AVAILABLE,1.37
STR_E01,2840016014,2024-02-22,2024-W08,296.0,0.0,AVAILABLE,2.67
STR_E01,4900005010,2024-02-22,2024-W08,229.0,0.0,AVAILABLE,1.39
STR_E02,1200080994,2024-02-22,2024-W08,396.0,0.0,AVAILABLE,1.55
STR_E02,2840016014,2024-02-22,2024-W08,126.0,0.0,AVAILABLE,1.15
STR_E02,4900005010,2024-02-22,2024-W08,389.0,0.0,AVAILABLE,2.25
STR_W01,1200080994,2024-02-22,2024-W08,336.0,0.0,AVAILABLE,1.37
STR_W01,2840016014,2024-02-22,2024-W08,131.0,0.0,AVAILABLE,1.29
STR_W01,4900005010,2024-02-22,2024-W08,390.0,0.0,AVAILABLE,2.15
STR_E01,1200080994,2024-02-23,2024-W08,312.0,0.0,AVAILABLE,1.3
STR_E01,2840016014,2024-02-23,2024-W08,282.0,0.0,AVAILABLE,2.53
STR_E01,4900005010,2024-02-23,2024-W08,216.0,0.0,AVAILABLE,1.31
STR_E02,1200080994,2024-02-23,2024-W08,377.0,0.0,AVAILABLE,1.48
STR_E02,2840016014,2024-02-23,2024-W08,117.0,0.0,AVAILABLE,1.07
STR_E02,4900005010,2024-02-23,2024-W08,375.0,0.0,AVAILABLE,2.16
STR_W01,1200080994,2024-02-23,2024-W08,319.0,0.0,AVAILABLE,1.3
STR_W01,2840016014,2024-02-23,2024-W08,120.0,0.0,AVAILABLE,1.18
STR_W01,4900005010,2024-02-23,2024-W08,377.0,0.0,AVAILABLE,2.08
STR_E01,1200080994,2024-02-24,2024-W08,297.0,0.0,AVAILABLE,1.25
STR_E01,2840016014,2024-02-24,2024-W08,269.0,0.0,AVAILABLE,2.41
STR_E01,4900005010,2024-02-24,2024-W08,201.0,0.0,AVAILABLE,1.22
STR_E02,1200080994,2024-02-24,2024-W08,360.0,0.0,AVAILABLE,1.41
STR_E02,2840016014,2024-02-24,2024-W08,108.0,0.0,LOW,0.99
STR_E02,4900005010,2024-02-24,2024-W08,362.0,0.0,AVAILABLE,2.09
STR_W01,1200080994,2024-02-24,2024-W08,304.0,0.0,AVAILABLE,1.25
STR_W01,2840016014,2024-02-24,2024-W08,111.0,0.0,AVAILABLE,1.09
STR_W01,4900005010,2024-02-24,2024-W08,362.0,0.0,AVAILABLE,1.99
STR_E01,1200080994,2024-02-25,2024-W08,280.0,0.0,AVAILABLE,1.25
STR_E01,2840016014,2024-02-25,2024-W08,259.0,0.0,AVAILABLE,2.42
STR_E01,4900005010,2024-02-25,2024-W08,185.0,0.0,AVAILABLE,1.16
STR_E02,1200080994,2024-02-25,2024-W08,341.0,0.0,AVAILABLE,1.41
STR_E02,2840016014,2024-02-25,2024-W08,98.0,0.0,LOW,0.92
STR_E02,4900005010,2024-02-25,2024-W08,351.0,0.0,AVAILABLE,2.16
STR_W01,1200080994,2024-02-25,2024-W08,283.0,0.0,AVAILABLE,1.23
STR_W01,2840016014,2024-02-25,2024-W08,99.0,0.0,AVAILABLE,1.01
STR_W01,4900005010,2024-02-25,2024-W08,346.0,0.0,AVAILABLE,2.0
STR_E01,1200080994,2024-02-26,2024-W09,264.0,0.0,AVAILABLE,1.26
STR_E01,2840016014,2024-02-26,2024-W09,248.0,0.0,AVAILABLE,2.36
STR_E01,4900005010,2024-02-26,2024-W09,171.0,0.0,AVAILABLE,1.12
STR_E02,1200080994,2024-02-26,2024-W09,324.0,0.0,AVAILABLE,1.42
STR_E02,2840016014,2024-02-26,2024-W09,85.0,0.0,LOW,0.83
STR_E02,4900005010,2024-02-26,2024-W09,338.0,0.0,AVAILABLE,2.21
STR_W01,1200080994,2024-02-26,2024-W09,263.0,0.0,AVAILABLE,1.21
STR_W01,2840016014,2024-02-26,2024-W09,90.0,0.0,LOW,0.94
STR_W01,4900005010,2024-02-26,2024-W09,329.0,0.0,AVAILABLE,1.98
STR_E01,1200080994,2024-02-27,2024-W09,612.0,0.0,AVAILABLE,3.1
STR_E01,2840016014,2024-02-27,2024-W09,238.0,0.0,AVAILABLE,2.37
STR_E01,4900005010,2024-02-27,2024-W09,439.0,0.0,AVAILABLE,3.01
STR_E02,1200080994,2024-02-27,2024-W09,665.0,0.0,AVAILABLE,3.1
STR_E02,2840016014,2024-02-27,2024-W09,235.0,62.0,AVAILABLE,2.39
STR_E02,4900005010,2024-02-27,2024-W09,324.0,0.0,AVAILABLE,2.25
STR_W01,1200080994,2024-02-27,2024-W09,632.0,0.0,AVAILABLE,3.06
STR_W01,2840016014,2024-02-27,2024-W09,272.0,0.0,AVAILABLE,2.91
STR_W01,4900005010,2024-02-27,2024-W09,314.0,0.0,AVAILABLE,1.98
STR_E01,1200080994,2024-02-28,2024-W09,596.0,0.0,AVAILABLE,3.2
STR_E01,2840016014,2024-02-28,2024-W09,227.0,0.0,AVAILABLE,2.34
STR_E01,4900005010,2024-02-28,2024-W09,421.0,0.0,AVAILABLE,3.0
STR_E02,1200080994,2024-02-28,2024-W09,645.0,0.0,AVAILABLE,3.18
STR_E02,2840016014,2024-02-28,2024-W09,222.0,62.0,AVAILABLE,2.33
STR_E02,4900005010,2024-02-28,2024-W09,311.0,0.0,AVAILABLE,2.3
STR_W01,1200080994,2024-02-28,2024-W09,614.0,0.0,AVAILABLE,3.14
STR_W01,2840016014,2024-02-28,2024-W09,261.0,0.0,AVAILABLE,2.89
STR_W01,4900005010,2024-02-28,2024-W09,300.0,0.0,AVAILABLE,1.98
STR_E01,1200080994,2024-02-29,2024-W09,579.0,0.0,AVAILABLE,3.3
STR_E01,2840016014,2024-02-29,2024-W09,215.0,0.0,AVAILABLE,2.28
STR_E01,4900005010,2024-02-29,2024-W09,409.0,0.0,AVAILABLE,3.14
STR_E02,1200080994,2024-02-29,2024-W09,620.0,0.0,AVAILABLE,3.28
STR_E02,2840016014,2024-02-29,2024-W09,270.0,0.0,AVAILABLE,2.93
STR_E02,4900005010,2024-02-29,2024-W09,298.0,0.0,AVAILABLE,2.31
STR_W01,1200080994,2024-02-29,2024-W09,594.0,0.0,AVAILABLE,3.3
STR_W01,2840016014,2024-02-29,2024-W09,249.0,0.0,AVAILABLE,2.81
STR_W01,4900005010,2024-02-29,2024-W09,286.0,0.0,AVAILABLE,2.02
STR_E01,1200080994,2024-03-01,2024-W09,558.0,0.0,AVAILABLE,3.44
STR_E01,2840016014,2024-03-01,2024-W09,203.0,0.0,AVAILABLE,2.28
STR_E01,4900005010,2024-03-01,2024-W09,394.0,0.0,AVAILABLE,3.24
STR_E02,1200080994,2024-03-01,2024-W09,595.0,0.0,AVAILABLE,3.38
STR_E02,2840016014,2024-03-01,2024-W09,257.0,0.0,AVAILABLE,2.89
STR_E02,4900005010,2024-03-01,2024-W09,285.0,0.0,AVAILABLE,2.34
STR_W01,1200080994,2024-03-01,2024-W09,575.0,0.0,AVAILABLE,3.41
STR_W01,2840016014,2024-03-01,2024-W09,238.0,0.0,AVAILABLE,2.84
STR_W01,4900005010,2024-03-01,2024-W09,270.0,0.0,AVAILABLE,2.06
STR_E01,1200080994,2024-03-02,2024-W09,536.0,0.0,AVAILABLE,3.51
STR_E01,2840016014,2024-03-02,2024-W09,188.0,0.0,AVAILABLE,2.18
STR_E01,4900005010,2024-03-02,2024-W09,380.0,0.0,AVAILABLE,3.33
STR_E02,1200080994,2024-03-02,2024-W09,577.0,0.0,AVAILABLE,3.58
STR_E02,2840016014,2024-03-02,2024-W09,247.0,0.0,AVAILABLE,2.92
STR_E02,4900005010,2024-03-02,2024-W09,269.0,0.0,AVAILABLE,2.4
STR_W01,1200080994,2024-03-02,2024-W09,558.0,0.0,AVAILABLE,3.55
STR_W01,2840016014,2024-03-02,2024-W09,225.0,0.0,AVAILABLE,2.76
STR_W01,4900005010,2024-03-02,2024-W09,257.0,0.0,AVAILABLE,2.1
STR_E01,1200080994,2024-03-03,2024-W09,515.0,0.0,AVAILABLE,3.57
STR_E01,2840016014,2024-03-03,2024-W09,178.0,0.0,AVAILABLE,2.16
STR_E01,4900005010,2024-03-03,2024-W09,363.0,0.0,AVAILABLE,3.34
STR_E02,1200080994,2024-03-03,2024-W09,555.0,0.0,AVAILABLE,3.65
STR_E02,2840016014,2024-03-03,2024-W09,235.0,0.0,AVAILABLE,2.87
STR_E02,4900005010,2024-03-03,2024-W09,255.0,0.0,AVAILABLE,2.41
STR_W01,1200080994,2024-03-03,2024-W09,542.0,0.0,AVAILABLE,3.69
STR_W01,2840016014,2024-03-03,2024-W09,212.0,0.0,AVAILABLE,2.69
STR_W01,4900005010,2024-03-03,2024-W09,244.0,0.0,AVAILABLE,2.11
STR_E01,1200080994,2024-03-04,2024-W10,496.0,0.0,AVAILABLE,3.66
STR_E01,2840016014,2024-03-04,2024-W10,166.0,0.0,AVAILABLE,2.04
STR_E01,4900005010,2024-03-04,2024-W10,346.0,0.0,AVAILABLE,3.25
STR_E02,1200080994,2024-03-04,2024-W10,537.0,0.0,AVAILABLE,3.8
STR_E02,2840016014,2024-03-04,2024-W10,223.0,0.0,AVAILABLE,2.79
STR_E02,4900005010,2024-03-04,2024-W10,243.0,0.0,AVAILABLE,2.41
STR_W01,1200080994,2024-03-04,2024-W10,518.0,0.0,AVAILABLE,3.67
STR_W01,2840016014,2024-03-04,2024-W10,204.0,0.0,AVAILABLE,2.7
STR_W01,4900005010,2024-03-04,2024-W10,227.0,0.0,AVAILABLE,2.03
STR_E01,1200080994,2024-03-05,2024-W10,474.0,0.0,AVAILABLE,3.59
STR_E01,2840016014,2024-03-05,2024-W10,156.0,0.0,AVAILABLE,1.94
STR_E01,4900005010,2024-03-05,2024-W10,327.0,0.0,AVAILABLE,3.21
STR_E02,1200080994,2024-03-05,2024-W10,516.0,0.0,AVAILABLE,3.78
STR_E02,2840016014,2024-03-05,2024-W10,213.0,0.0,AVAILABLE,2.68
STR_E02,4900005010,2024-03-05,2024-W10,228.0,0.0,AVAILABLE,2.36
STR_W01,1200080994,2024-03-05,2024-W10,501.0,0.0,AVAILABLE,3.75
STR_W01,2840016014,2024-03-05,2024-W10,194.0,0.0,AVAILABLE,2.6
STR_W01,4900005010,2024-03-05,2024-W10,214.0,0.0,AVAILABLE,2.01
STR_E01,1200080994,2024-03-06,2024-W10,454.0,0.0,AVAILABLE,3.53
STR_E01,2840016014,2024-03-06,2024-W10,142.0,0.0,AVAILABLE,1.76
STR_E01,4900005010,2024-03-06,2024-W10,316.0,0.0,AVAILABLE,3.18
STR_E02,1200080994,2024-03-06,2024-W10,496.0,0.0,AVAILABLE,3.72
STR_E02,2840016014,2024-03-06,2024-W10,202.0,0.0,AVAILABLE,2.53
STR_E02,4900005010,2024-03-06,2024-W10,214.0,0.0,AVAILABLE,2.23
STR_W01,1200080994,2024-03-06,2024-W10,483.0,0.0,AVAILABLE,3.72
STR_W01,2840016014,2024-03-06,2024-W10,185.0,0.0,AVAILABLE,2.47
STR_W01,4900005010,2024-03-06,2024-W10,202.0,0.0,AVAILABLE,1.97
STR_E01,1200080994,2024-03-07,2024-W10,425.0,0.0,AVAILABLE,3.26
STR_E01,2840016014,2024-03-07,2024-W10,128.0,0.0,AVAILABLE,1.57
STR_E01,4900005010,2024-03-07,2024-W10,304.0,0.0,AVAILABLE,3.05
STR_E02,1200080994,2024-03-07,2024-W10,478.0,0.0,AVAILABLE,3.6
STR_E02,2840016014,2024-03-07,2024-W10,193.0,0.0,AVAILABLE,2.45
STR_E02,4900005010,2024-03-07,2024-W10,201.0,0.0,AVAILABLE,2.11
STR_W01,1200080994,2024-03-07,2024-W10,460.0,0.0,AVAILABLE,3.55
STR_W01,2840016014,2024-03-07,2024-W10,174.0,0.0,AVAILABLE,2.3
STR_W01,4900005010,2024-03-07,2024-W10,191.0,0.0,AVAILABLE,1.89
STR_E01,1200080994,2024-03-08,2024-W10,403.0,0.0,AVAILABLE,3.08
STR_E01,2840016014,2024-03-08,2024-W10,117.0,0.0,AVAILABLE,1.44
STR_E01,4900005010,2024-03-08,2024-W10,290.0,0.0,AVAILABLE,2.92
STR_E02,1200080994,2024-03-08,2024-W10,460.0,0.0,AVAILABLE,3.45
STR_E02,2840016014,2024-03-08,2024-W10,183.0,0.0,AVAILABLE,2.35
STR_E02,4900005010,2024-03-08,2024-W10,183.0,0.0,AVAILABLE,1.9
STR_W01,1200080994,2024-03-08,2024-W10,445.0,0.0,AVAILABLE,3.45
STR_W01,2840016014,2024-03-08,2024-W10,162.0,0.0,AVAILABLE,2.12
STR_W01,4900005010,2024-03-08,2024-W10,175.0,0.0,AVAILABLE,1.74
STR_E01,1200080994,2024-03-09,2024-W10,383.0,0.0,AVAILABLE,2.94
STR_E01,2840016014,2024-03-09,2024-W10,103.0,0.0,AVAILABLE,1.26
STR_E01,4900005010,2024-03-09,2024-W10,277.0,0.0,AVAILABLE,2.78
STR_E02,1200080994,2024-03-09,2024-W10,444.0,0.0,AVAILABLE,3.33
STR_E02,2840016014,2024-03-09,2024-W10,169.0,0.0,AVAILABLE,2.14
STR_E02,4900005010,2024-03-09,2024-W10,167.0,0.0,AVAILABLE,1.73
STR_W01,1200080994,2024-03-09,2024-W10,425.0,0.0,AVAILABLE,3.31
STR_W01,2840016014,2024-03-09,2024-W10,151.0,0.0,AVAILABLE,1.96
STR_W01,4900005010,2024-03-09,2024-W10,158.0,0.0,AVAILABLE,1.56
STR_E01,1200080994,2024-03-10,2024-W10,365.0,0.0,AVAILABLE,2.78
STR_E01,2840016014,2024-03-10,2024-W10,89.0,0.0,AVAILABLE,1.08
STR_E01,4900005010,2024-03-10,2024-W10,261.0,0.0,AVAILABLE,2.6
STR_E02,1200080994,2024-03-10,2024-W10,428.0,0.0,AVAILABLE,3.24
STR_E02,2840016014,2024-03-10,2024-W10,160.0,0.0,AVAILABLE,2.03
STR_E02,4900005010,2024-03-10,2024-W10,151.0,0.0,AVAILABLE,1.55
STR_W01,1200080994,2024-03-10,2024-W10,405.0,0.0,AVAILABLE,3.15
STR_W01,2840016014,2024-03-10,2024-W10,141.0,0.0,AVAILABLE,1.84
STR_W01,4900005010,2024-03-10,2024-W10,144.0,0.0,AVAILABLE,1.41
STR_E01,1200080994,2024-03-11,2024-W11,349.0,0.0,AVAILABLE,2.65
STR_E01,2840016014,2024-03-11,2024-W11,75.0,0.0,LOW,0.9
STR_E01,4900005010,2024-03-11,2024-W11,245.0,0.0,AVAILABLE,2.42
STR_E02,1200080994,2024-03-11,2024-W11,410.0,0.0,AVAILABLE,3.09
STR_E02,2840016014,2024-03-11,2024-W11,149.0,0.0,AVAILABLE,1.89
STR_E02,4900005010,2024-03-11,2024-W11,133.0,0.0,AVAILABLE,1.36
STR_W01,1200080994,2024-03-11,2024-W11,384.0,0.0,AVAILABLE,2.97
STR_W01,2840016014,2024-03-11,2024-W11,131.0,0.0,AVAILABLE,1.71
STR_W01,4900005010,2024-03-11,2024-W11,131.0,0.0,AVAILABLE,1.29
STR_E01,1200080994,2024-03-12,2024-W11,325.0,0.0,AVAILABLE,2.45
STR_E01,2840016014,2024-03-12,2024-W11,238.0,0.0,AVAILABLE,2.85
STR_E01,4900005010,2024-03-12,2024-W11,231.0,0.0,AVAILABLE,2.27
STR_E02,1200080994,2024-03-12,2024-W11,390.0,0.0,AVAILABLE,2.95
STR_E02,2840016014,2024-03-12,2024-W11,139.0,0.0,AVAILABLE,1.79
STR_E02,4900005010,2024-03-12,2024-W11,279.0,0.0,AVAILABLE,2.86
STR_W01,1200080994,2024-03-12,2024-W11,365.0,0.0,AVAILABLE,2.81
STR_W01,2840016014,2024-03-12,2024-W11,119.0,0.0,AVAILABLE,1.55
STR_W01,4900005010,2024-03-12,2024-W11,292.0,0.0,AVAILABLE,2.91
STR_E01,1200080994,2024-03-13,2024-W11,308.0,0.0,AVAILABLE,2.31
STR_E01,2840016014,2024-03-13,2024-W11,226.0,0.0,AVAILABLE,2.71
STR_E01,4900005010,2024-03-13,2024-W11,215.0,0.0,AVAILABLE,2.09
STR_E02,1200080994,2024-03-13,2024-W11,365.0,0.0,AVAILABLE,2.72
STR_E02,2840016014,2024-03-13,2024-W11,129.0,0.0,AVAILABLE,1.68
STR_E02,4900005010,2024-03-13,2024-W11,263.0,0.0,AVAILABLE,2.67
STR_W01,1200080994,2024-03-13,2024-W11,348.0,0.0,AVAILABLE,2.69
STR_W01,2840016014,2024-03-13,2024-W11,107.0,0.0,AVAILABLE,1.39
STR_W01,4900005010,2024-03-13,2024-W11,277.0,0.0,AVAILABLE,2.76
STR_E01,1200080994,2024-03-14,2024-W11,286.0,0.0,AVAILABLE,2.13
STR_E01,2840016014,2024-03-14,2024-W11,217.0,0.0,AVAILABLE,2.65
STR_E01,4900005010,2024-03-14,2024-W11,202.0,0.0,AVAILABLE,1.97
STR_E02,1200080994,2024-03-14,2024-W11,345.0,0.0,AVAILABLE,2.57
STR_E02,2840016014,2024-03-14,2024-W11,118.0,0.0,AVAILABLE,1.54
STR_E02,4900005010,2024-03-14,2024-W11,248.0,0.0,AVAILABLE,2.51
STR_W01,1200080994,2024-03-14,2024-W11,327.0,0.0,AVAILABLE,2.5
STR_W01,2840016014,2024-03-14,2024-W11,92.0,0.0,AVAILABLE,1.19
STR_W01,4900005010,2024-03-14,2024-W11,262.0,0.0,AVAILABLE,2.6
STR_E01,1200080994,2024-03-15,2024-W11,269.0,0.0,AVAILABLE,2.0
STR_E01,2840016014,2024-03-15,2024-W11,205.0,0.0,AVAILABLE,2.51
STR_E01,4900005010,2024-03-15,2024-W11,188.0,0.0,AVAILABLE,1.83
STR_E02,1200080994,2024-03-15,2024-W11,325.0,0.0,AVAILABLE,2.42
STR_E02,2840016014,2024-03-15,2024-W11,105.0,0.0,AVAILABLE,1.36
STR_E02,4900005010,2024-03-15,2024-W11,235.0,0.0,AVAILABLE,2.39
STR_W01,1200080994,2024-03-15,2024-W11,314.0,0.0,AVAILABLE,2.43
STR_W01,2840016014,2024-03-15,2024-W11,81.0,0.0,AVAILABLE,1.06
STR_W01,4900005010,2024-03-15,2024-W11,247.0,0.0,AVAILABLE,2.45
STR_E01,1200080994,2024-03-16,2024-W11,250.0,0.0,AVAILABLE,1.85
STR_E01,2840016014,2024-03-16,2024-W11,193.0,0.0,AVAILABLE,2.33
STR_E01,4900005010,2024-03-16,2024-W11,175.0,0.0,AVAILABLE,1.73
STR_E02,1200080994,2024-03-16,2024-W11,309.0,0.0,AVAILABLE,2.31
STR_E02,2840016014,2024-03-16,2024-W11,94.0,0.0,AVAILABLE,1.21
STR_E02,4900005010,2024-03-16,2024-W11,222.0,0.0,AVAILABLE,2.25
STR_W01,1200080994,2024-03-16,2024-W11,297.0,0.0,AVAILABLE,2.31
STR_W01,2840016014,2024-03-16,2024-W11,69.0,0.0,LOW,0.9
STR_W01,4900005010,2024-03-16,2024-W11,235.0,0.0,AVAILABLE,2.33
STR_E01,1200080994,2024-03-17,2024-W11,232.0,0.0,AVAILABLE,1.73
STR_E01,2840016014,2024-03-17,2024-W11,182.0,0.0,AVAILABLE,2.19
STR_E01,4900005010,2024-03-17,2024-W11,154.0,0.0,AVAILABLE,1.49
STR_E02,1200080994,2024-03-17,2024-W11,286.0,0.0,AVAILABLE,2.11
STR_E02,2840016014,2024-03-17,2024-W11,83.0,0.0,AVAILABLE,1.06
STR_E02,4900005010,2024-03-17,2024-W11,205.0,0.0,AVAILABLE,2.06
STR_W01,1200080994,2024-03-17,2024-W11,277.0,0.0,AVAILABLE,2.15
STR_W01,2840016014,2024-03-17,2024-W11,57.0,0.0,LOW,0.74
STR_W01,4900005010,2024-03-17,2024-W11,221.0,0.0,AVAILABLE,2.2
STR_E01,1200080994,2024-03-18,2024-W12,215.0,0.0,AVAILABLE,1.61
STR_E01,2840016014,2024-03-18,2024-W12,172.0,0.0,AVAILABLE,2.07
STR_E01,4900005010,2024-03-18,2024-W12,142.0,0.0,AVAILABLE,1.39
STR_E02,1200080994,2024-03-18,2024-W12,271.0,0.0,AVAILABLE,2.02
STR_E02,2840016014,2024-03-18,2024-W12,72.0,0.0,LOW,0.92
STR_E02,4900005010,2024-03-18,2024-W12,191.0,0.0,AVAILABLE,1.91
STR_W01,1200080994,2024-03-18,2024-W12,254.0,0.0,AVAILABLE,1.94
STR_W01,2840016014,2024-03-18,2024-W12,47.0,0.0,LOW,0.61
STR_W01,4900005010,2024-03-18,2024-W12,203.0,0.0,AVAILABLE,2.0
STR_E01,1200080994,2024-03-19,2024-W12,198.0,0.0,AVAILABLE,1.47
STR_E01,2840016014,2024-03-19,2024-W12,161.0,0.0,AVAILABLE,1.93
STR_E01,4900005010,2024-03-19,2024-W12,291.0,0.0,AVAILABLE,2.78
STR_E02,1200080994,2024-03-19,2024-W12,253.0,0.0,AVAILABLE,1.88
STR_E02,2840016014,2024-03-19,2024-W12,224.0,0.0,AVAILABLE,2.86
STR_E02,4900005010,2024-03-19,2024-W12,175.0,0.0,AVAILABLE,1.74
STR_W01,1200080994,2024-03-19,2024-W12,231.0,0.0,AVAILABLE,1.74
STR_W01,2840016014,2024-03-19,2024-W12,222.0,0.0,AVAILABLE,2.87
STR_W01,4900005010,2024-03-19,2024-W12,188.0,0.0,AVAILABLE,1.86
STR_E01,1200080994,2024-03-20,2024-W12,180.0,0.0,AVAILABLE,1.34
STR_E01,2840016014,2024-03-20,2024-W12,150.0,0.0,AVAILABLE,1.81
STR_E01,4900005010,2024-03-20,2024-W12,275.0,0.0,AVAILABLE,2.63
STR_E02,1200080994,2024-03-20,2024-W12,232.0,0.0,AVAILABLE,1.71
STR_E02,2840016014,2024-03-20,2024-W12,214.0,0.0,AVAILABLE,2.75
STR_E02,4900005010,2024-03-20,2024-W12,157.0,0.0,AVAILABLE,1.54
STR_W01,1200080994,2024-03-20,2024-W12,214.0,0.0,AVAILABLE,1.61
STR_W01,2840016014,2024-03-20,2024-W12,211.0,0.0,AVAILABLE,2.71
STR_W01,4900005010,2024-03-20,2024-W12,174.0,0.0,AVAILABLE,1.71
STR_E01,1200080994,2024-03-21,2024-W12,165.0,0.0,AVAILABLE,1.24
STR_E01,2840016014,2024-03-21,2024-W12,140.0,0.0,AVAILABLE,1.69
STR_E01,4900005010,2024-03-21,2024-W12,259.0,0.0,AVAILABLE,2.46
STR_E02,1200080994,2024-03-21,2024-W12,213.0,0.0,AVAILABLE,1.56
STR_E02,2840016014,2024-03-21,2024-W12,201.0,0.0,AVAILABLE,2.59
STR_E02,4900005010,2024-03-21,2024-W12,139.0,0.0,AVAILABLE,1.36
STR_W01,1200080994,2024-03-21,2024-W12,193.0,0.0,AVAILABLE,1.45
STR_W01,2840016014,2024-03-21,2024-W12,202.0,0.0,AVAILABLE,2.6
STR_W01,4900005010,2024-03-21,2024-W12,163.0,0.0,AVAILABLE,1.63
STR_E01,1200080994,2024-03-22,2024-W12,149.0,0.0,AVAILABLE,1.12
STR_E01,2840016014,2024-03-22,2024-W12,129.0,0.0,AVAILABLE,1.57
STR_E01,4900005010,2024-03-22,2024-W12,241.0,0.0,AVAILABLE,2.26
STR_E02,1200080994,2024-03-22,2024-W12,194.0,0.0,AVAILABLE,1.42
STR_E02,2840016014,2024-03-22,2024-W12,189.0,0.0,AVAILABLE,2.42
STR_E02,4900005010,2024-03-22,2024-W12,127.0,0.0,AVAILABLE,1.25
STR_W01,1200080994,2024-03-22,2024-W12,172.0,0.0,AVAILABLE,1.28
STR_W01,2840016014,2024-03-22,2024-W12,190.0,0.0,AVAILABLE,2.44
STR_W01,4900005010,2024-03-22,2024-W12,150.0,0.0,AVAILABLE,1.5
STR_E01,1200080994,2024-03-23,2024-W12,131.0,0.0,LOW,0.98
STR_E01,2840016014,2024-03-23,2024-W12,118.0,0.0,AVAILABLE,1.44
STR_E01,4900005010,2024-03-23,2024-W12,227.0,0.0,AVAILABLE,2.14
STR_E02,1200080994,2024-03-23,2024-W12,176.0,0.0,AVAILABLE,1.29
STR_E02,2840016014,2024-03-23,2024-W12,176.0,0.0,AVAILABLE,2.22
STR_E02,4900005010,2024-03-23,2024-W12,114.0,0.0,AVAILABLE,1.12
STR_W01,1200080994,2024-03-23,2024-W12,157.0,0.0,AVAILABLE,1.17
STR_W01,2840016014,2024-03-23,2024-W12,180.0,0.0,AVAILABLE,2.3
STR_W01,4900005010,2024-03-23,2024-W12,134.0,0.0,AVAILABLE,1.33
STR_E01,1200080994,2024-03-24,2024-W12,118.0,0.0,LOW,0.89
STR_E01,2840016014,2024-03-24,2024-W12,104.0,0.0,AVAILABLE,1.26
STR_E01,4900005010,2024-03-24,2024-W12,211.0,0.0,AVAILABLE,1.99
STR_E02,1200080994,2024-03-24,2024-W12,152.0,0.0,AVAILABLE,1.1
STR_E02,2840016014,2024-03-24,2024-W12,165.0,0.0,AVAILABLE,2.08
STR_E02,4900005010,2024-03-24,2024-W12,103.0,0.0,AVAILABLE,1.01
STR_W01,1200080994,2024-03-24,2024-W12,140.0,0.0,AVAILABLE,1.05
STR_W01,2840016014,2024-03-24,2024-W12,166.0,0.0,AVAILABLE,2.11
STR_W01,4900005010,2024-03-24,2024-W12,118.0,0.0,AVAILABLE,1.17
STR_E01,1200080994,2024-03-25,2024-W13,41.0,0.0,LOW,0.28
STR_E01,2840016014,2024-03-25,2024-W13,81.0,0.0,LOW,0.94
STR_E01,4900005010,2024-03-25,2024-W13,165.0,0.0,AVAILABLE,1.44
STR_E02,1200080994,2024-03-25,2024-W13,65.0,0.0,LOW,0.42
STR_E02,2840016014,2024-03-25,2024-W13,139.0,0.0,AVAILABLE,1.68
STR_E02,4900005010,2024-03-25,2024-W13,55.0,0.0,LOW,0.5
STR_W01,1200080994,2024-03-25,2024-W13,49.0,0.0,LOW,0.32
STR_W01,2840016014,2024-03-25,2024-W13,138.0,0.0,AVAILABLE,1.65
STR_W01,4900005010,2024-03-25,2024-W13,71.0,0.0,LOW,0.66
STR_E01,1200080994,2024-03-26,2024-W13,383.0,0.0,AVAILABLE,2.43
STR_E01,2840016014,2024-03-26,2024-W13,227.0,0.0,AVAILABLE,2.5
STR_E01,4900005010,2024-03-26,2024-W13,304.0,0.0,AVAILABLE,2.54
STR_E02,1200080994,2024-03-26,2024-W13,360.0,0.0,AVAILABLE,2.04
STR_E02,2840016014,2024-03-26,2024-W13,109.0,0.0,AVAILABLE,1.24
STR_E02,4900005010,2024-03-26,2024-W13,283.0,0.0,AVAILABLE,2.37
STR_W01,1200080994,2024-03-26,2024-W13,376.0,0.0,AVAILABLE,2.28
STR_W01,2840016014,2024-03-26,2024-W13,116.0,0.0,AVAILABLE,1.36
STR_W01,4900005010,2024-03-26,2024-W13,282.0,0.0,AVAILABLE,2.46
STR_E01,1200080994,2024-03-27,2024-W13,303.0,0.0,AVAILABLE,1.74
STR_E01,2840016014,2024-03-27,2024-W13,203.0,0.0,AVAILABLE,2.16
STR_E01,4900005010,2024-03-27,2024-W13,255.0,0.0,AVAILABLE,2.0
STR_E02,1200080994,2024-03-27,2024-W13,277.0,0.0,AVAILABLE,1.44
STR_E02,2840016014,2024-03-27,2024-W13,88.0,0.0,LOW,0.98
STR_E02,4900005010,2024-03-27,2024-W13,248.0,0.0,AVAILABLE,1.98
STR_W01,1200080994,2024-03-27,2024-W13,293.0,0.0,AVAILABLE,1.62
STR_W01,2840016014,2024-03-27,2024-W13,92.0,0.0,AVAILABLE,1.04
STR_W01,4900005010,2024-03-27,2024-W13,225.0,0.0,AVAILABLE,1.79
STR_E01,1200080994,2024-03-28,2024-W13,227.0,0.0,AVAILABLE,1.2
STR_E01,2840016014,2024-03-28,2024-W13,169.0,0.0,AVAILABLE,1.7
STR_E01,4900005010,2024-03-28,2024-W13,198.0,0.0,AVAILABLE,1.43
STR_E02,1200080994,2024-03-28,2024-W13,200.0,0.0,LOW,0.97
STR_E02,2840016014,2024-03-28,2024-W13,60.0,0.0,LOW,0.64
STR_E02,4900005010,2024-03-28,2024-W13,201.0,0.0,AVAILABLE,1.51
STR_W01,1200080994,2024-03-28,2024-W13,206.0,0.0,AVAILABLE,1.04
STR_W01,2840016014,2024-03-28,2024-W13,66.0,0.0,LOW,0.72
STR_W01,4900005010,2024-03-28,2024-W13,178.0,0.0,AVAILABLE,1.33
STR_E01,1200080994,2024-03-29,2024-W13,148.0,0.0,LOW,0.73
STR_E01,2840016014,2024-03-29,2024-W13,149.0,0.0,AVAILABLE,1.47
STR_E01,4900005010,2024-03-29,2024-W13,144.0,0.0,LOW,0.97
STR_E02,1200080994,2024-03-29,2024-W13,123.0,0.0,LOW,0.56
STR_E02,2840016014,2024-03-29,2024-W13,28.0,0.0,LOW,0.29
STR_E02,4900005010,2024-03-29,2024-W13,160.0,0.0,AVAILABLE,1.14
STR_W01,1200080994,2024-03-29,2024-W13,112.0,0.0,LOW,0.52
STR_W01,2840016014,2024-03-29,2024-W13,38.0,0.0,LOW,0.39
STR_W01,4900005010,2024-03-29,2024-W13,141.0,0.0,AVAILABLE,1.01
STR_E01,1200080994,2024-03-30,2024-W13,73.0,0.0,LOW,0.34
STR_E01,2840016014,2024-03-30,2024-W13,122.0,0.0,AVAILABLE,1.17
STR_E01,4900005010,2024-03-30,2024-W13,90.0,0.0,LOW,0.57
STR_E02,1200080994,2024-03-30,2024-W13,51.0,0.0,LOW,0.22
STR_E02,2840016014,2024-03-30,2024-W13,0.0,0.0,ZERO,0.0
STR_E02,4900005010,2024-03-30,2024-W13,112.0,0.0,LOW,0.75
STR_W01,1200080994,2024-03-30,2024-W13,29.0,0.0,LOW,0.12
STR_W01,2840016014,2024-03-30,2024-W13,15.0,0.0,LOW,0.15
STR_W01,4900005010,2024-03-30,2024-W13,92.0,0.0,LOW,0.62
STR_E01,1200080994,2024-03-31,2024-W13,0.0,0.0,ZERO,0.0
STR_E01,2840016014,2024-03-31,2024-W13,99.0,0.0,LOW,0.92
STR_E01,4900005010,2024-03-31,2024-W13,46.0,0.0,LOW,0.28
STR_E02,1200080994,2024-03-31,2024-W13,0.0,0.0,ZERO,0.0
STR_E02,2840016014,2024-03-31,2024-W13,0.0,0.0,ZERO,0.0
STR_E02,4900005010,2024-03-31,2024-W13,66.0,0.0,LOW,0.42
STR_W01,1200080994,2024-03-31,2024-W13,0.0,0.0,ZERO,0.0
STR_W01,2840016014,2024-03-31,2024-W13,0.0,0.0,ZERO,0.0
STR_W01,4900005010,2024-03-31,2024-W13,47.0,0.0,LOW,0.3
